idEquipo,Nombre,Pais,T,PJ,PG,PE,PP,%,Títulos,F,1/2,1/4,1/8,1/16,GF,GC,TA,TR
1,Real Madrid,España,54,487,292,85,110,59%17%24%,14,3,16,6,14,1,1071,535,612,25
2,Milan,Italia,31,273,133,70,70,48%25%27%,7,4,3,4,7,1,442,261,419,15
3,Bayern München,Alemania,40,393,236,79,78,60%20%20%,6,5,10,13,4,1,824,384,575,25
4,Liverpool,Inglaterra,27,248,142,50,56,57%20%23%,6,4,2,5,5,2,472,228,249,6
5,Barcelona,España,34,349,203,77,69,58%22%20%,5,3,9,8,3,0,687,357,543,18
6,Ajax,Países Bajos,39,247,112,64,71,45%25%30%,4,2,3,4,4,5,396,282,345,13
7,Inter,Italia,25,213,102,57,54,47%26%27%,3,3,3,4,6,1,300,211,353,22
8,Manchester United,Inglaterra,31,299,161,70,68,53%23%24%,3,2,7,7,5,0,545,299,374,20
9,Juventus,Italia,37,301,153,70,78,50%23%27%,2,7,3,7,9,4,479,301,506,28
10,Benfica,Portugal,43,292,130,68,94,44%23%33%,2,5,1,11,7,2,479,345,374,19
11,Chelsea,Inglaterra,19,201,104,53,44,51%26%23%,2,1,5,4,6,0,342,181,347,14
12,Porto,Portugal,38,277,126,61,90,45%22%33%,2,0,1,7,13,3,411,313,511,26
13,Nottingham Forest,Inglaterra,3,20,12,4,4,60%20%20%,2,0,0,0,0,1,32,14,17,0
14,Borussia Dortmund,Alemania,22,181,87,36,58,48%19%33%,1,1,3,5,5,0,303,223,243,9
15,Manchester City,Inglaterra,14,129,74,26,29,57%20%23%,1,1,2,4,3,1,273,144,219,12
16,Celtic,Escocia,38,228,102,40,86,44%17%39%,1,1,2,3,8,3,342,285,286,12
17,Olympique de Marseille,Francia,17,116,47,19,50,40%16%44%,1,1,1,1,2,1,165,141,175,13
18,FCSB,Rumanía,26,145,52,41,52,35%28%37%,1,1,1,0,3,3,203,204,293,15
19,Hamburger,Alemania,6,43,19,9,15,44%20%36%,1,1,1,0,1,0,72,56,46,4
20,Crvena Zvezda,Serbia,29,157,70,34,53,44%21%35%,1,0,2,5,5,3,285,218,245,12
21,PSV,Países Bajos,31,199,74,49,76,37%24%39%,1,0,2,4,6,1,272,252,288,17
22,Feyenoord,Países Bajos,18,95,36,23,36,37%24%39%,1,0,1,1,2,3,156,126,130,10
23,Aston Villa,Inglaterra,2,15,9,3,3,60%20%20%,1,0,0,1,0,0,24,10,6,0
24,Atlético de Madrid,España,19,170,82,44,44,48%25%27%,0,3,3,6,4,0,249,165,317,18
25,Valencia,España,13,128,57,35,36,44%27%29%,0,2,0,2,4,0,191,130,260,11
26,Stade de Reims,Francia,4,24,14,3,7,58%12%30%,0,2,0,1,1,0,63,30,0,1
27,PSG,Francia,17,154,82,29,43,53%18%29%,0,1,3,4,5,1,302,180,314,13
28,Monaco,Francia,18,118,46,24,48,38%20%42%,0,1,3,2,2,3,185,159,205,13
29,Panathinaikos,Grecia,29,163,51,46,66,31%28%41%,0,1,2,1,5,6,190,222,250,13
30,Leeds,Inglaterra,4,40,22,6,12,55%15%30%,0,1,2,0,0,0,76,41,42,5
31,Arsenal,Inglaterra,22,211,106,45,60,50%21%29%,0,1,1,6,9,0,351,226,340,20
32,Roma,Italia,13,111,41,27,43,36%24%40%,0,1,1,2,4,0,148,161,193,11
33,Tottenham,Inglaterra,7,63,28,13,22,44%20%36%,0,1,1,1,3,0,116,90,89,6
34,Borussia Mönchengladbach,Alemania,9,55,22,16,17,40%29%31%,0,1,1,1,3,0,110,74,48,2
35,Saint-Étienne,Francia,10,41,19,7,15,46%17%37%,0,1,1,1,2,4,50,44,10,2
36,Partizan,Serbia,22,105,41,24,40,39%22%39%,0,1,0,2,2,3,161,133,141,11
37,Bayer Leverkusen,Alemania,13,117,43,26,48,36%22%42%,0,1,0,1,5,0,171,180,245,11
38,Brugge,Bélgica,23,127,43,30,54,33%23%44%,0,1,0,1,4,2,157,186,209,12
39,Fiorentina,Italia,5,45,21,15,9,46%33%21%,0,1,0,1,1,0,63,49,73,3
40,Malmö,Suecia,19,95,33,23,39,34%24%42%,0,1,0,0,3,7,103,148,149,11
41,Eintracht Frankfurt,Alemania,2,15,7,3,5,46%20%34%,0,1,0,0,1,0,30,28,17,2
42,Sampdoria,Italia,2,13,7,2,4,53%15%32%,0,1,0,0,0,0,25,15,23,1
43,Dynamo Kyiv,Ucrania,39,255,105,55,95,41%21%38%,0,0,3,5,4,1,353,315,371,18
44,Anderlecht,Bélgica,34,200,70,44,86,35%22%43%,0,0,2,5,6,2,282,320,239,15
45,CSKA Sofia,Bulgaria,25,98,41,16,41,41%16%43%,0,0,2,4,8,7,140,144,71,8
46,Olympique Lyonnais,Francia,18,148,65,37,46,43%25%32%,0,0,2,3,6,0,232,178,266,10
47,Villarreal,España,5,46,14,15,17,30%32%38%,0,0,2,1,0,0,51,56,108,6
48,Zürich,Suiza,12,47,17,6,24,36%12%52%,0,0,2,0,0,5,60,82,52,2
49,Rangers,Escocia,33,177,65,43,69,36%24%40%,0,0,1,4,5,3,248,257,250,16
50,Galatasaray,Turquía,28,189,63,46,80,33%24%43%,0,0,1,4,2,5,237,297,348,19
51,Rapid Wien,Austria,18,81,35,9,37,43%11%46%,0,0,1,3,5,2,130,122,65,4
52,Dukla Praha,República Checa,10,45,22,10,13,48%22%30%,0,0,1,3,4,2,75,58,8,0
53,Standard Liège,Bélgica,14,58,25,10,23,43%17%40%,0,0,1,3,3,1,87,73,55,6
54,Göteborg,Suecia,15,82,35,13,34,42%15%43%,0,0,1,3,2,3,138,119,64,6
55,Schalke 04,Alemania,10,77,31,18,28,40%23%37%,0,0,1,2,4,0,109,117,157,5
56,Újpest,Hungría,11,44,18,8,18,40%18%42%,0,0,1,2,3,4,70,72,39,5
57,Spartak Moskva,Rusia,21,124,40,31,53,32%25%43%,0,0,1,2,1,1,173,193,206,15
58,Spartak Trnava,Eslovaquia,6,30,15,9,6,50%30%20%,0,0,1,2,1,1,50,25,27,2
59,Legia Warszawa,Polonia,15,76,37,15,24,48%19%33%,0,0,1,2,0,2,106,91,103,8
60,Girondins de Bordeaux,Francia,7,50,21,16,13,42%32%26%,0,0,1,2,0,1,54,54,62,6
61,Deportivo de La Coruña,España,5,62,25,17,20,40%27%33%,0,0,1,2,0,0,78,79,92,4
62,Austria Wien,Austria,19,73,25,16,32,34%21%45%,0,0,1,1,5,6,100,110,103,5
63,Vasas,Hungría,6,27,12,6,9,44%22%34%,0,0,1,1,2,2,62,34,2,1
64,Köln,Alemania,3,17,7,8,2,41%47%12%,0,0,1,1,0,1,27,19,4,0
65,Dinamo București,Rumanía,18,66,24,10,32,36%15%49%,0,0,1,0,9,3,96,106,61,7
66,Nantes,Francia,8,40,12,14,14,30%35%35%,0,0,1,0,3,3,52,54,55,5
67,Young Boys,Suiza,15,65,21,17,27,32%26%42%,0,0,1,0,3,1,87,122,108,7
68,RB Leipzig,Alemania,6,46,22,6,18,47%13%40%,0,0,1,0,3,0,80,82,89,2
69,Real Sociedad,España,5,34,11,9,14,32%26%42%,0,0,1,0,2,1,32,35,57,1
70,Győr,Hungría,4,16,7,1,8,43%6%51%,0,0,1,0,1,1,28,34,15,1
71,Derby County,Inglaterra,2,12,6,2,4,50%16%34%,0,0,1,0,1,0,18,12,7,1
72,Widzew Łódź,Polonia,5,26,9,2,15,34%7%59%,0,0,1,0,0,1,48,51,49,2
73,Dundee United,Escocia,1,8,5,1,2,62%12%26%,0,0,1,0,0,0,14,5,4,0
74,Dundee,Escocia,1,8,5,0,3,62%38%,0,0,1,0,0,0,20,14,0,1
75,Hibernian,Escocia,1,6,3,1,2,50%16%34%,0,0,1,0,0,0,9,5,0,0
76,Sparta Praha,República Checa,29,148,54,32,62,36%21%43%,0,0,0,3,3,3,193,206,190,14
77,Dynamo Dresden,Alemania,7,30,12,6,12,40%20%40%,0,0,0,3,2,2,48,44,28,1
78,Hajduk Split,Croacia,10,40,18,10,12,45%25%30%,0,0,0,3,1,1,58,47,72,5
79,Dynamo Berlin,Alemania,10,38,15,8,15,39%21%40%,0,0,0,2,4,4,54,52,43,1
80,Sevilla,España,11,78,30,21,27,38%26%36%,0,0,0,2,4,0,117,115,143,9
81,Grasshopper,Suiza,15,54,15,11,28,27%20%53%,0,0,0,2,2,3,80,85,77,4
82,Nice,Francia,3,18,7,4,7,38%22%40%,0,0,0,2,0,0,32,32,8,4
83,Dnipro,Ucrania,3,14,5,4,5,35%28%37%,0,0,0,2,0,0,15,15,20,2
84,Wiener SC,Austria,2,12,4,4,4,33%33%34%,0,0,0,2,0,0,21,18,0,0
85,Olympiacos,Grecia,35,186,66,36,84,35%19%46%,0,0,0,1,6,8,222,283,372,17
86,Górnik Zabrze,Polonia,12,43,20,6,17,46%13%41%,0,0,0,1,6,5,69,65,16,0
87,Sporting de Portugal,Portugal,23,106,31,22,53,29%20%51%,0,0,0,1,6,4,140,178,177,16
88,Fenerbahçe,Turquía,27,107,32,21,54,29%19%52%,0,0,0,1,5,7,120,179,186,17
89,Basel,Suiza,21,118,47,23,48,39%19%42%,0,0,0,1,5,4,170,192,198,7
90,Napoli,Italia,11,70,32,18,20,45%25%30%,0,0,0,1,5,1,118,86,126,3
91,AGF,Dinamarca,5,18,6,4,8,33%22%45%,0,0,0,1,3,1,22,25,5,0
92,Shakhtar Donetsk,Ucrania,24,158,61,36,61,38%22%40%,0,0,0,1,3,0,224,243,331,16
93,Werder Bremen,Alemania,9,66,27,14,25,40%21%39%,0,0,0,1,3,0,109,107,116,8
94,Beşiktaş,Turquía,21,89,27,19,43,30%21%49%,0,0,0,1,2,5,89,153,155,8
95,AEK,Grecia,17,78,19,23,36,24%29%47%,0,0,0,1,2,3,84,124,128,12
96,Vorwärts Berlin,Alemania,6,22,9,1,12,40%4%56%,0,0,0,1,2,3,35,33,0,0
97,Ferencváros,Hungría,16,71,26,19,26,36%26%38%,0,0,0,1,2,2,111,120,134,5
98,CSKA Moskva,Rusia,15,104,34,24,46,32%23%45%,0,0,0,1,2,0,125,155,192,9
99,Lazio,Italia,8,68,28,17,23,41%25%34%,0,0,0,1,2,0,101,87,158,7
100,Baník Ostrava,República Checa,4,16,6,3,7,37%18%45%,0,0,0,1,2,0,20,29,8,0
101,Wismut Aue,Alemania,3,16,5,4,7,31%25%44%,0,0,0,1,2,0,26,23,0,0
102,Linfield,Irlanda del Norte,32,78,11,23,44,14%29%57%,0,0,0,1,1,14,66,139,104,6
103,Rosenborg,Noruega,25,152,58,31,63,38%20%42%,0,0,0,1,1,4,224,232,165,4
104,Ruch Chorzów,Polonia,4,14,5,4,5,35%28%37%,0,0,0,1,1,2,20,25,9,0
105,Athletic Club,España,5,28,10,8,10,35%28%37%,0,0,0,1,1,1,38,36,40,1
106,MTK Budapest,Hungría,7,24,10,2,12,41%8%51%,0,0,0,1,1,1,41,46,28,3
107,Aberdeen,Escocia,3,12,5,4,3,41%33%26%,0,0,0,1,1,1,14,12,5,0
108,Atalanta,Italia,3,23,8,6,9,34%26%40%,0,0,0,1,1,0,40,43,45,1
109,Wolverhampton,Inglaterra,2,8,2,2,4,25%25%50%,0,0,0,1,1,0,12,16,0,0
110,APOEL,Chipre,18,94,29,25,40,30%26%44%,0,0,0,1,0,5,99,122,186,7
111,SSW Innsbruck,Austria,5,14,3,1,10,21%7%72%,0,0,0,1,0,4,13,28,13,0
112,Kuusysi,Finlandia,5,14,5,1,8,35%7%58%,0,0,0,1,0,3,12,25,11,0
113,Brøndby,Dinamarca,12,44,15,8,21,34%18%48%,0,0,0,1,0,2,56,67,61,3
114,Djurgården,Suecia,7,17,4,5,8,23%29%48%,0,0,0,1,0,2,17,30,9,1
115,Universitatea Craiova,Rumanía,3,10,3,2,5,30%20%50%,0,0,0,1,0,2,12,14,15,0
116,Vojvodina,Serbia,2,9,5,1,3,55%11%34%,0,0,0,1,0,1,10,9,3,2
117,Nürnberg,Alemania,2,8,5,1,2,62%12%26%,0,0,0,1,0,1,16,14,0,0
118,Carl Zeiss Jena,Alemania,2,8,5,0,3,62%38%,0,0,0,1,0,1,12,11,0,1
119,Åtvidabergs,Suecia,2,8,4,0,4,50%50%,0,0,0,1,0,1,12,12,3,0
120,Everton,Inglaterra,3,10,2,5,3,20%50%30%,0,0,0,1,0,1,14,10,3,0
121,Wisła Kraków,Polonia,8,32,15,4,13,46%12%42%,0,0,0,1,0,0,58,50,59,3
122,Wolfsburg,Alemania,3,22,10,3,9,45%13%42%,0,0,0,1,0,0,29,29,44,3
123,Auxerre,Francia,3,24,9,2,13,37%8%55%,0,0,0,1,0,0,19,31,42,4
124,Kaiserslautern,Alemania,2,12,6,2,4,50%16%34%,0,0,0,1,0,0,18,16,18,2
125,Málaga,España,1,12,5,5,2,41%41%18%,0,0,0,1,0,0,18,9,29,0
126,Leicester,Inglaterra,1,10,5,2,3,50%20%30%,0,0,0,1,0,0,11,10,19,0
127,Ararat Yerevan,Armenia,1,6,5,0,1,83%17%,0,0,0,1,0,0,14,5,5,0
128,DWS,Países Bajos,1,6,4,1,1,66%16%18%,0,0,0,1,0,0,13,4,0,0
129,Dinamo Minsk,Bielorrusia,4,12,3,5,4,25%41%34%,0,0,0,1,0,0,18,18,14,0
130,IFK Malmö,Suecia,1,6,3,1,2,50%16%34%,0,0,0,1,0,0,7,7,0,0
131,Strasbourg,Francia,1,6,3,1,2,50%16%34%,0,0,0,1,0,0,8,6,3,0
132,Sparta Rotterdam,Países Bajos,1,6,3,0,3,50%50%,0,0,0,1,0,0,12,11,0,0
133,KV Mechelen,Bélgica,1,6,2,3,1,33%50%17%,0,0,0,1,0,0,9,3,4,1
134,Eintracht Braunschweig,Alemania,1,5,2,0,3,40%60%,0,0,0,1,0,0,5,5,0,0
135,Burnley,Inglaterra,1,4,2,0,2,50%50%,0,0,0,1,0,0,8,8,0,0
136,Hradec Králové,República Checa,1,4,1,2,1,25%50%25%,0,0,0,1,0,0,2,5,0,0
137,Omonia,Chipre,20,55,17,8,30,30%14%56%,0,0,0,0,4,10,65,112,62,2
138,Budapest Honvéd,Hungría,10,30,12,3,15,40%10%50%,0,0,0,0,4,3,47,54,37,3
139,Servette,Suiza,8,25,6,9,10,24%36%40%,0,0,0,0,4,1,37,45,31,2
140,Zenit,Rusia,11,76,30,15,31,39%19%42%,0,0,0,0,4,0,98,96,162,14
141,Norrköping,Suecia,5,14,3,5,6,21%35%44%,0,0,0,0,4,0,18,25,4,0
142,Levski Sofia,Bulgaria,15,58,15,14,29,25%24%51%,0,0,0,0,3,3,74,82,87,4
143,Jeunesse d'Esch,Luxemburgo,22,49,7,4,38,14%8%78%,0,0,0,0,2,15,43,158,32,0
144,Helsinki,Finlandia,23,84,31,14,39,36%16%48%,0,0,0,0,2,5,108,130,100,5
145,Glentoran,Irlanda del Norte,12,28,3,7,18,10%25%65%,0,0,0,0,2,5,20,59,36,2
146,Tirana,Albania,15,40,8,4,28,20%10%70%,0,0,0,0,2,4,37,65,61,2
147,Slovan Bratislava,Eslovaquia,15,51,18,13,20,35%25%40%,0,0,0,0,2,2,58,69,85,6
148,Lillestrøm,Noruega,5,14,3,5,6,21%35%44%,0,0,0,0,2,2,10,17,16,0
149,Vejle,Dinamarca,4,12,3,4,5,25%33%42%,0,0,0,0,2,2,13,22,7,0
150,Esbjerg,Dinamarca,4,12,3,3,6,25%25%50%,0,0,0,0,2,2,11,28,1,0
151,Stuttgart,Alemania,5,29,9,8,12,31%27%42%,0,0,0,0,2,1,35,42,43,0
152,Magdeburg,Alemania,3,8,3,0,5,37%63%,0,0,0,0,2,1,15,11,7,0
153,København,Dinamarca,17,108,43,28,37,39%25%36%,0,0,0,0,2,0,149,134,176,6
154,Lille,Francia,8,56,14,16,26,25%28%47%,0,0,0,0,2,0,49,63,133,3
155,Swarovski Tirol,Austria,2,8,4,2,2,50%25%25%,0,0,0,0,2,0,21,18,7,0
156,Neuchâtel Xamax,Suiza,2,8,4,0,4,50%50%,0,0,0,0,2,0,14,13,4,0
157,Argeș Pitești,Rumanía,2,8,4,0,4,50%50%,0,0,0,0,2,0,13,10,12,1
158,Lokomotiv Sofia,Bulgaria,2,8,3,1,4,37%12%51%,0,0,0,0,2,0,19,21,1,0
159,Valur,Islandia,11,24,3,3,18,12%12%76%,0,0,0,0,1,6,13,66,15,1
160,Trabzonspor,Turquía,10,30,10,8,12,33%26%41%,0,0,0,0,1,5,25,36,42,3
161,Sliema Wanderers,Malta,10,24,5,1,18,20%4%76%,0,0,0,0,1,5,17,66,20,2
162,Dundalk,Irlanda,12,33,4,12,17,12%36%52%,0,0,0,0,1,5,24,60,29,1
163,ÍA,Islandia,9,22,3,4,15,13%18%69%,0,0,0,0,1,5,18,47,20,0
164,Waterford,Irlanda,6,14,3,0,11,21%79%,0,0,0,0,1,4,15,47,0,0
165,Haka,Finlandia,8,26,6,4,16,23%15%62%,0,0,0,0,1,3,30,56,23,1
166,KB,Dinamarca,4,13,4,2,7,30%15%55%,0,0,0,0,1,3,19,25,6,0
167,Lyn,Noruega,4,10,2,0,8,20%80%,0,0,0,0,1,3,14,41,0,0
168,Lech Poznań,Polonia,8,26,11,1,14,42%3%55%,0,0,0,0,1,2,29,43,35,2
169,Vålerenga,Noruega,6,14,4,3,7,28%21%51%,0,0,0,0,1,2,17,25,14,1
170,Reipas,Finlandia,3,8,2,2,4,25%25%50%,0,0,0,0,1,2,8,30,1,0
171,B1903,Dinamarca,3,8,2,1,5,25%12%63%,0,0,0,0,1,2,7,11,2,0
172,Hvidovre,Dinamarca,3,8,1,4,3,12%50%38%,0,0,0,0,1,2,13,19,2,0
173,Fredrikstad,Noruega,3,8,1,1,6,12%12%76%,0,0,0,0,1,2,6,22,0,0
174,TPS,Finlandia,4,10,1,0,9,10%90%,0,0,0,0,1,2,4,28,4,0
175,B1909,Dinamarca,3,6,0,1,5,16%84%,0,0,0,0,1,2,6,21,0,0
176,PAOK,Grecia,9,28,6,9,13,21%32%47%,0,0,0,0,1,1,36,49,68,2
177,Sarajevo,Bosnia-Herzegovina,6,18,5,2,11,27%11%62%,0,0,0,0,1,1,24,26,35,1
178,Bohemians,Irlanda,6,18,4,4,10,22%22%56%,0,0,0,0,1,1,13,29,18,0
179,Polonia Bytom,Polonia,2,6,3,0,3,50%50%,0,0,0,0,1,1,8,12,0,0
180,Beveren,Bélgica,2,6,2,2,2,33%33%34%,0,0,0,0,1,1,11,8,6,0
181,Gwardia Warszawa,Polonia,2,5,1,2,2,20%40%40%,0,0,0,0,1,1,6,9,0,2
182,Derry City,Irlanda del Norte,4,9,1,1,7,11%11%78%,0,0,0,0,1,1,9,26,10,0
183,UTA Arad,Rumanía,2,6,0,2,4,33%67%,0,0,0,0,1,1,3,17,2,0
184,Red Bull Salzburg,Austria,19,92,36,23,33,39%25%36%,0,0,0,0,1,0,129,123,187,10
185,Dinamo Tbilisi,Georgia,14,41,14,5,22,34%12%54%,0,0,0,0,1,0,54,61,78,6
186,Lokomotiv Moskva,Rusia,8,56,13,11,32,23%19%58%,0,0,0,0,1,0,55,84,117,6
187,Inter Bratislava,Eslovaquia,3,12,5,3,4,41%25%34%,0,0,0,0,1,0,16,17,5,1
188,Gent,Bélgica,3,13,4,1,8,30%7%63%,0,0,0,0,1,0,14,23,29,3
189,AZ Alkmaar,Países Bajos,3,12,3,5,4,25%41%34%,0,0,0,0,1,0,15,17,18,0
190,Celta de Vigo,España,1,10,3,3,4,30%30%40%,0,0,0,0,1,0,12,13,26,2
191,Royal Antwerp,Bélgica,2,10,3,0,7,30%70%,0,0,0,0,1,0,10,26,16,3
192,1860 München,Alemania,2,6,3,0,3,50%50%,0,0,0,0,1,0,13,7,2,1
193,Bohemians,República Checa,1,4,3,0,1,75%25%,0,0,0,0,1,0,7,2,4,0
194,Ipswich Town,Inglaterra,1,4,3,0,1,75%25%,0,0,0,0,1,0,16,5,0,0
195,Lyngby,Dinamarca,2,6,2,1,3,33%16%51%,0,0,0,0,1,0,7,5,7,1
196,Zaria,Ucrania,1,4,2,1,1,50%25%25%,0,0,0,0,1,0,3,1,2,0
197,Vítkovice,República Checa,1,4,2,1,1,50%25%25%,0,0,0,0,1,0,4,5,8,1
198,Hellas Verona,Italia,1,4,2,1,1,50%25%25%,0,0,0,0,1,0,5,4,6,0
199,Cagliari,Italia,1,4,2,0,2,50%50%,0,0,0,0,1,0,5,5,1,1
200,Molenbeek,Bélgica,1,4,2,0,2,50%50%,0,0,0,0,1,0,6,9,3,0
201,B 1913,Dinamarca,1,4,2,0,2,50%50%,0,0,0,0,1,0,15,14,0,0
202,Rapid București,Rumanía,3,8,1,3,4,12%37%51%,0,0,0,0,1,0,9,11,14,1
203,Zbrojovka Brno,República Checa,1,4,1,3,0,25%75%,0,0,0,0,1,0,7,5,3,0
204,La Chaux-de-Fonds,Suiza,1,4,1,2,1,25%50%25%,0,0,0,0,1,0,5,9,0,1
205,Kilmarnock,Escocia,1,4,1,2,1,25%50%25%,0,0,0,0,1,0,4,7,0,0
206,Torino,Italia,1,4,1,2,1,25%50%25%,0,0,0,0,1,0,4,4,6,3
207,AB,Dinamarca,1,4,1,1,2,25%25%50%,0,0,0,0,1,0,4,5,0,0
208,Spartak Plovdiv,Bulgaria,1,4,1,1,2,25%25%50%,0,0,0,0,1,0,3,3,0,0
209,Szombierki Byton,Polonia,1,4,1,0,3,25%75%,0,0,0,0,1,0,4,7,2,0
210,Saarbrücken,Alemania,1,2,1,0,1,50%50%,0,0,0,0,1,0,5,7,0,0
211,Rot-Weiss Essen,Alemania,1,2,0,1,1,50%50%,0,0,0,0,1,0,1,5,0,0
212,Rapid JC,Países Bajos,1,2,0,0,2,100%,0,0,0,0,1,0,3,6,0,0
213,Cork Celtic,Irlanda,1,2,0,0,2,100%,0,0,0,0,1,0,1,7,1,0
214,HPS,Finlandia,1,2,0,0,2,100%,0,0,0,0,1,0,0,7,0,0
215,Shamrock Rovers,Irlanda,12,28,4,7,17,14%25%61%,0,0,0,0,0,7,17,43,35,1
216,Partizani,Albania,11,23,3,7,13,13%30%57%,0,0,0,0,0,7,10,36,24,6
217,Hibernians,Malta,12,28,5,5,18,17%17%66%,0,0,0,0,0,6,20,71,39,1
218,Floriana,Malta,8,17,2,3,12,11%17%72%,0,0,0,0,0,6,5,53,16,0
219,Viking,Noruega,7,14,1,2,11,7%14%79%,0,0,0,0,0,6,11,29,4,0
220,Valletta,Malta,18,46,8,7,31,17%15%68%,0,0,0,0,0,5,38,113,86,8
221,Östers,Suecia,4,8,1,1,6,12%12%76%,0,0,0,0,0,4,3,14,5,0
222,Avenir,Luxemburgo,6,12,0,0,12,100%,0,0,0,0,0,4,1,56,8,2
223,Keflavík,Islandia,4,8,0,0,8,100%,0,0,0,0,0,4,5,35,0,0
224,KR,Islandia,10,21,3,4,14,14%19%67%,0,0,0,0,0,3,20,66,20,1
225,Dinamo Tirana,Albania,6,14,2,2,10,14%14%72%,0,0,0,0,0,3,7,25,19,1
226,Odense,Dinamarca,4,10,2,2,6,20%20%60%,0,0,0,0,0,3,10,27,17,2
227,Petrolul Ploiești,Rumanía,3,8,2,1,5,25%12%63%,0,0,0,0,0,3,8,15,0,0
228,Ħamrun,Malta,5,10,1,0,9,10%90%,0,0,0,0,0,3,3,32,9,1
229,Spora,Luxemburgo,3,7,1,0,6,14%86%,0,0,0,0,0,3,7,36,0,0
230,Drumcondra,Irlanda,3,6,1,0,5,16%84%,0,0,0,0,0,3,3,25,0,0
231,Fram,Islandia,4,8,0,2,6,25%75%,0,0,0,0,0,3,4,28,8,0
232,KuPS,Finlandia,4,7,0,1,6,14%86%,0,0,0,0,0,3,4,26,2,0
233,Olympiakos Nicosia,Chipre,3,6,0,1,5,16%84%,0,0,0,0,0,3,4,36,3,0
234,Aris Bonnevoie,Luxemburgo,3,6,0,1,5,16%84%,0,0,0,0,0,3,6,25,0,0
235,Dinamo Zagreb,Croacia,25,160,67,33,60,41%20%39%,0,0,0,0,0,2,239,221,342,17
236,Halmstad,Suecia,4,10,4,2,4,40%20%40%,0,0,0,0,0,2,13,14,16,0
237,Víkingur Reykjavík,Islandia,4,10,2,1,7,20%10%70%,0,0,0,0,0,2,17,20,10,1
238,Heart of Midlothian,Escocia,3,8,2,1,5,25%12%63%,0,0,0,0,0,2,8,16,8,3
239,Crusaders,Irlanda del Norte,6,14,1,2,11,7%14%79%,0,0,0,0,0,2,7,52,23,1
240,Trakia Plovdiv,Bulgaria,2,4,1,0,3,25%75%,0,0,0,0,0,2,5,8,2,0
241,Torpedo Moskva,Rusia,2,4,0,3,1,75%25%,0,0,0,0,0,2,0,1,1,0
242,Athlone Town,Irlanda,2,4,0,2,2,50%50%,0,0,0,0,0,2,7,14,5,1
243,OPS,Finlandia,2,4,0,1,3,25%75%,0,0,0,0,0,2,2,19,0,0
244,Progrès,Luxemburgo,2,4,0,1,3,25%75%,0,0,0,0,0,2,1,17,2,0
245,Union Luxembourg,Luxemburgo,5,10,0,0,10,100%,0,0,0,0,0,2,3,43,7,0
246,Rabat Ajax,Malta,2,4,0,0,4,100%,0,0,0,0,0,2,0,20,2,0
247,Stal Mielec,Polonia,2,4,0,0,4,100%,0,0,0,0,0,2,2,6,1,0
248,HIFK Helsinki,Finlandia,2,4,0,0,4,100%,0,0,0,0,0,2,5,12,0,1
249,Start,Noruega,2,4,0,0,4,100%,0,0,0,0,0,2,2,10,1,0
250,Limerick,Irlanda,2,4,0,0,4,100%,0,0,0,0,0,2,4,16,1,0
251,Stade Dudelange,Luxemburgo,2,4,0,0,4,100%,0,0,0,0,0,2,1,32,0,0
252,Anorthosis,Chipre,8,36,12,9,15,33%25%42%,0,0,0,0,0,1,47,44,72,5
253,Vardar,Macedonia del Norte,8,24,5,8,11,20%33%47%,0,0,0,0,0,1,30,40,48,0
254,AEL,Chipre,3,10,5,1,4,50%10%40%,0,0,0,0,0,1,8,18,20,2
255,Shelbourne,Irlanda,6,20,4,8,8,20%40%40%,0,0,0,0,0,1,21,31,40,2
256,Željezničar,Bosnia-Herzegovina,6,16,4,1,11,25%6%69%,0,0,0,0,0,1,13,31,50,5
257,ŁKS,Polonia,2,6,3,1,2,50%16%34%,0,0,0,0,0,1,9,10,5,0
258,Vllaznia,Albania,3,8,3,0,5,37%63%,0,0,0,0,0,1,9,16,11,2
259,ÍBV,Islandia,3,8,2,1,5,25%12%63%,0,0,0,0,0,1,6,12,12,0
260,LASK,Austria,2,6,2,0,4,33%67%,0,0,0,0,0,1,8,10,9,1
261,Lierse,Bélgica,2,10,1,1,8,10%10%80%,0,0,0,0,0,1,6,19,15,0
262,Śląsk Wrocław,Polonia,2,6,1,1,4,16%16%68%,0,0,0,0,0,1,5,12,3,1
263,Bologna,Italia,1,3,1,1,1,33%33%34%,0,0,0,0,0,1,2,2,0,0
264,Elbasani,Albania,2,4,1,0,3,25%75%,0,0,0,0,0,1,1,9,5,0
265,KA,Islandia,1,2,1,0,1,50%50%,0,0,0,0,0,1,1,3,2,0
266,Larissa,Grecia,1,2,1,0,1,50%50%,0,0,0,0,0,1,3,3,2,0
267,Red Boys Differdange,Luxemburgo,1,2,1,0,1,50%50%,0,0,0,0,0,1,3,7,4,1
268,St Patrick's,Irlanda,4,8,0,3,5,37%63%,0,0,0,0,0,1,2,23,14,0
269,Portadown,Irlanda del Norte,3,6,0,1,5,16%84%,0,0,0,0,0,1,3,24,8,0
270,Glenavon,Irlanda del Norte,1,2,0,1,1,50%50%,0,0,0,0,0,1,0,3,0,0
271,VOËST Linz,Austria,1,2,0,1,1,50%50%,0,0,0,0,0,1,0,5,2,0
272,Distillery,Irlanda del Norte,1,2,0,1,1,50%50%,0,0,0,0,0,1,3,8,0,0
273,Beroe,Bulgaria,1,2,0,1,1,50%50%,0,0,0,0,0,1,1,3,3,0
274,Csepel,Hungría,1,2,0,1,1,50%50%,0,0,0,0,0,1,3,4,0,0
275,Skeid,Noruega,1,2,0,1,1,50%50%,0,0,0,0,0,1,1,2,0,0
276,Admira Energie,Austria,1,2,0,1,1,50%50%,0,0,0,0,0,1,0,1,0,0
277,Lausanne,Suiza,1,2,0,1,1,50%50%,0,0,0,0,0,1,0,4,0,0
278,Strømsgodset,Noruega,2,4,0,0,4,100%,0,0,0,0,0,1,1,10,1,0
279,Sligo Rovers,Irlanda,2,4,0,0,4,100%,0,0,0,0,0,1,0,9,5,0
280,Cork Hibernians,Irlanda,1,2,0,0,2,100%,0,0,0,0,0,1,1,7,0,0
281,Køge,Dinamarca,1,2,0,0,2,100%,0,0,0,0,0,1,1,7,0,0
282,KPV,Finlandia,1,2,0,0,2,100%,0,0,0,0,0,1,0,14,0,0
283,EPA Larnaca,Chipre,1,2,0,0,2,100%,0,0,0,0,0,1,0,16,0,0
284,Karl-Marx-Stadt,Alemania,1,2,0,0,2,100%,0,0,0,0,0,1,2,5,0,0
285,Coleraine,Irlanda del Norte,1,2,0,0,2,100%,0,0,0,0,0,1,1,11,0,0
286,Chemie Leipzig,Alemania,1,2,0,0,2,100%,0,0,0,0,0,1,2,6,0,0
287,Ilves,Finlandia,1,2,0,0,2,100%,0,0,0,0,0,1,1,6,1,0
288,Örgryte,Suecia,1,2,0,0,2,100%,0,0,0,0,0,1,3,7,4,0
289,Ards,Irlanda del Norte,1,2,0,0,2,100%,0,0,0,0,0,1,3,10,0,0
290,Luzern,Suiza,1,2,0,0,2,100%,0,0,0,0,0,1,0,5,0,0
291,Pezoporikos,Chipre,1,2,0,0,2,100%,0,0,0,0,0,1,2,7,2,0
292,Moss,Noruega,1,2,0,0,2,100%,0,0,0,0,0,1,0,4,0,0
293,DOS,Países Bajos,1,2,0,0,2,100%,0,0,0,0,0,1,4,6,0,0
294,BATE Borisov,Bielorrusia,16,104,37,31,36,35%29%36%,0,0,0,0,0,0,119,150,223,11
295,Sheriff Tiraspol,Moldavia,21,94,35,19,40,37%20%43%,0,0,0,0,0,0,99,98,191,14
296,Maribor,Eslovenia,16,82,32,20,30,39%24%37%,0,0,0,0,0,0,94,111,163,5
297,Ludogorets,Bulgaria,12,64,23,15,26,35%23%42%,0,0,0,0,0,0,96,89,160,14
298,Maccabi Haifa,Israel,11,60,23,10,27,38%16%46%,0,0,0,0,0,0,103,96,131,7
299,Viktoria Plzeň,República Checa,9,53,22,9,22,41%16%43%,0,0,0,0,0,0,82,105,118,5
300,Qarabağ,Azerbaiyán,9,51,21,18,12,41%35%24%,0,0,0,0,0,0,67,45,99,8
301,Cluj,Rumanía,8,42,16,10,16,38%23%39%,0,0,0,0,0,0,54,54,96,5
302,Skonto,Letonia,12,42,16,6,20,38%14%48%,0,0,0,0,0,0,57,62,72,6
303,Maccabi Tel Aviv,Israel,10,47,15,10,22,31%21%48%,0,0,0,0,0,0,50,63,98,3
304,Sturm Graz,Austria,8,46,15,7,24,32%15%53%,0,0,0,0,0,0,53,88,96,6
305,Slavia Praha,República Checa,13,46,13,12,21,28%26%46%,0,0,0,0,0,0,34,63,95,2
306,Astana,Kazajistán,7,35,12,11,12,34%31%35%,0,0,0,0,0,0,40,53,69,4
307,Newcastle,Inglaterra,4,30,12,5,13,40%16%44%,0,0,0,0,0,0,39,40,44,1
308,Braga,Portugal,3,28,12,3,13,42%10%48%,0,0,0,0,0,0,39,45,51,2
309,FBK Kaunas,Lituania,8,28,11,6,11,39%21%40%,0,0,0,0,0,0,41,39,54,6
310,Debrecen,Hungría,7,32,11,5,16,34%15%51%,0,0,0,0,0,0,37,50,64,6
311,Molde,Noruega,6,33,10,11,12,30%33%37%,0,0,0,0,0,0,47,38,46,4
312,Dudelange,Luxemburgo,16,42,10,7,25,23%16%61%,0,0,0,0,0,0,49,78,89,7
313,The New Saints,Gales,15,40,10,5,25,25%12%63%,0,0,0,0,0,0,38,70,61,1
314,Pyunik,Armenia,12,38,9,9,20,23%23%54%,0,0,0,0,0,0,33,62,75,3
315,Žalgiris,Lituania,9,28,9,6,13,32%21%47%,0,0,0,0,0,0,25,41,69,6
316,Žilina,Eslovaquia,7,28,9,5,14,32%17%51%,0,0,0,0,0,0,27,45,51,1
317,Hapoel Be'er Sheva,Israel,3,16,9,3,4,56%18%26%,0,0,0,0,0,0,27,24,38,2
318,Litex Lovech,Bulgaria,4,16,8,1,7,50%6%44%,0,0,0,0,0,0,29,28,34,4
319,Levadia Tallinn,Estonia,10,27,7,8,12,25%29%46%,0,0,0,0,0,0,29,43,38,3
320,Boavista,Portugal,3,24,7,8,9,29%33%38%,0,0,0,0,0,0,27,32,56,2
321,Midtjylland,Dinamarca,5,24,7,7,10,29%29%42%,0,0,0,0,0,0,25,33,47,2
322,Aalborg,Dinamarca,4,24,7,6,11,29%25%46%,0,0,0,0,0,0,32,41,30,3
323,Petržalka,Eslovaquia,2,18,7,6,5,38%33%29%,0,0,0,0,0,0,25,24,26,0
324,Neftçi,Azerbaiyán,7,22,7,5,10,31%22%47%,0,0,0,0,0,0,18,36,46,3
325,Aktobe,Kazajistán,5,16,7,4,5,43%25%32%,0,0,0,0,0,0,23,18,37,2
326,AIK Solna,Suecia,4,20,7,3,10,35%15%50%,0,0,0,0,0,0,18,29,24,1
327,Zimbru,Moldavia,4,16,7,2,7,43%12%45%,0,0,0,0,0,0,24,17,28,5
328,Lens,Francia,3,18,6,6,6,33%33%34%,0,0,0,0,0,0,22,28,40,3
329,Helsingborg,Suecia,2,16,6,5,5,37%31%32%,0,0,0,0,0,0,19,19,19,0
330,Lincoln Red Imps,Gibraltar,8,21,6,3,12,28%14%58%,0,0,0,0,0,0,23,35,50,1
331,Skënderbeu,Albania,5,16,6,3,7,37%18%45%,0,0,0,0,0,0,18,25,37,2
332,Beitar Jerusalem,Israel,5,16,6,3,7,37%18%45%,0,0,0,0,0,0,20,29,34,2
333,Parma,Italia,3,12,6,3,3,50%25%25%,0,0,0,0,0,0,15,10,23,1
334,Ventspils,Letonia,6,20,6,2,12,30%10%60%,0,0,0,0,0,0,21,31,47,2
335,Košice,Eslovaquia,2,14,6,1,7,42%7%51%,0,0,0,0,0,0,22,17,24,0
336,Genk,Bélgica,7,32,5,11,16,15%34%51%,0,0,0,0,0,0,30,68,61,3
337,Hafnarfjarðar,Islandia,8,24,5,7,12,20%29%51%,0,0,0,0,0,0,21,35,59,2
338,Ekranas,Lituania,7,20,5,3,12,25%15%60%,0,0,0,0,0,0,19,40,44,4
339,Hapoel Tel Aviv,Israel,2,14,5,3,6,35%21%44%,0,0,0,0,0,0,21,20,29,1
340,Torpedo Kutaisi,Georgia,4,12,5,2,5,41%16%43%,0,0,0,0,0,0,14,19,17,1
341,Grazer AK,Austria,3,10,5,2,3,50%20%30%,0,0,0,0,0,0,19,13,22,3
342,Raków,Polonia,1,8,5,2,1,62%25%13%,0,0,0,0,0,0,12,6,11,0
343,Tampere United,Finlandia,3,12,5,1,6,41%8%51%,0,0,0,0,0,0,12,21,14,0
344,Gorica,Eslovenia,3,12,5,1,6,41%8%51%,0,0,0,0,0,0,20,25,21,1
345,Breiðablik,Islandia,2,8,5,0,3,62%38%,0,0,0,0,0,0,20,15,8,0
346,Rubin Kazan,Rusia,3,16,4,7,5,25%43%32%,0,0,0,0,0,0,12,16,28,0
347,Vidi,Hungría,3,14,4,7,3,28%50%22%,0,0,0,0,0,0,13,13,39,2
348,Flora,Estonia,12,25,4,4,17,16%16%68%,0,0,0,0,0,0,20,49,39,1
349,KÍ,Islas Feroe,5,14,4,3,7,28%21%51%,0,0,0,0,0,0,16,24,25,0
350,Udinese,Italia,3,12,4,3,5,33%25%42%,0,0,0,0,0,0,17,19,34,2
351,Elfsborg,Suecia,2,10,4,3,3,40%30%30%,0,0,0,0,0,0,14,7,15,0
352,Krasnodar,Rusia,2,12,4,2,6,33%16%51%,0,0,0,0,0,0,14,22,25,0
353,Olimpija,Eslovenia,3,10,4,2,4,40%20%40%,0,0,0,0,0,0,13,15,23,2
354,Mallorca,España,2,10,4,2,4,40%20%40%,0,0,0,0,0,0,7,11,18,2
355,Thun,Suiza,1,10,4,2,4,40%20%40%,0,0,0,0,0,0,11,11,19,2
356,Barry Town,Gales,6,14,4,1,9,28%7%65%,0,0,0,0,0,0,11,38,11,2
357,Bodø/Glimt,Noruega,2,10,4,1,5,40%10%50%,0,0,0,0,0,0,22,14,9,1
358,Shakhter Karagandy,Kazajistán,2,8,4,1,3,50%12%38%,0,0,0,0,0,0,10,8,22,0
359,Sion,Suiza,2,8,4,1,3,50%12%38%,0,0,0,0,0,0,16,16,10,1
360,Domžale,Eslovenia,2,8,4,0,4,50%50%,0,0,0,0,0,0,10,12,15,0
361,Zrinjski,Bosnia-Herzegovina,8,18,3,6,9,16%33%51%,0,0,0,0,0,0,11,25,51,2
362,Rabotnički,Macedonia del Norte,4,14,3,6,5,21%42%37%,0,0,0,0,0,0,15,13,33,2
363,HB,Islas Feroe,10,21,3,5,13,14%23%63%,0,0,0,0,0,0,19,52,43,2
364,Alashkert,Armenia,4,14,3,5,6,21%35%44%,0,0,0,0,0,0,12,20,26,1
365,Hertha Berliner,Alemania,1,14,3,5,6,21%35%44%,0,0,0,0,0,0,12,18,29,1
366,Rostov,Rusia,1,10,3,4,3,30%40%30%,0,0,0,0,0,0,15,16,24,1
367,Birkirkara,Malta,4,10,3,2,5,30%20%50%,0,0,0,0,0,0,12,19,30,2
368,Betis,España,1,8,3,2,3,37%25%38%,0,0,0,0,0,0,6,9,23,0
369,Shkëndija,Macedonia del Norte,4,12,3,1,8,25%8%67%,0,0,0,0,0,0,8,21,25,2
370,Kairat,Kazajistán,2,6,3,1,2,50%16%34%,0,0,0,0,0,0,8,11,19,1
371,Široki Brijeg,Bosnia-Herzegovina,2,6,3,1,2,50%16%34%,0,0,0,0,0,0,4,5,13,0
372,Olimpija Ljubljana,Eslovenia,2,6,3,0,3,50%50%,0,0,0,0,0,0,6,8,7,2
373,Drita,Kosovo,2,6,3,0,3,50%50%,0,0,0,0,0,0,8,10,14,1
374,Twente,Países Bajos,4,14,2,7,5,14%50%36%,0,0,0,0,0,0,15,23,18,1
375,Santa Coloma,Andorra,9,19,2,3,14,10%15%75%,0,0,0,0,0,0,12,35,62,6
376,B36,Islas Feroe,6,14,2,3,9,14%21%65%,0,0,0,0,0,0,12,30,27,1
377,Slavia-Mozyr,Bielorrusia,2,8,2,3,3,25%37%38%,0,0,0,0,0,0,11,12,9,0
378,Unirea Urziceni,Rumanía,2,8,2,3,3,25%37%38%,0,0,0,0,0,0,8,9,17,1
379,Başakşehir,Turquía,3,12,2,2,8,16%16%68%,0,0,0,0,0,0,15,28,31,1
380,Budućnost,Montenegro,6,11,2,2,7,18%18%64%,0,0,0,0,0,0,8,22,28,2
381,Rijeka,Croacia,2,8,2,2,4,25%25%50%,0,0,0,0,0,0,10,11,15,1
382,Slovan Liberec,República Checa,3,8,2,2,4,25%25%50%,0,0,0,0,0,0,6,8,17,2
383,Bakı,Azerbaiyán,2,6,2,2,2,33%33%34%,0,0,0,0,0,0,7,8,18,2
384,Kiryat Shmona,Israel,1,6,2,2,2,33%33%34%,0,0,0,0,0,0,9,6,18,1
385,Häcken,Suecia,1,4,2,2,0,50%50%,0,0,0,0,0,0,8,4,4,0
386,Cork City,Irlanda,3,10,2,1,7,20%10%70%,0,0,0,0,0,0,7,16,14,0
387,Apollon Limassol,Chipre,3,8,2,1,5,25%12%63%,0,0,0,0,0,0,7,13,21,2
388,Nõmme Kalju,Estonia,2,8,2,1,5,25%12%63%,0,0,0,0,0,0,6,20,13,0
389,Trenčín,Eslovaquia,2,6,2,1,3,33%16%51%,0,0,0,0,0,0,9,11,12,1
390,Víkingur Gøta,Islas Feroe,2,6,2,1,3,33%16%51%,0,0,0,0,0,0,9,10,17,2
391,Rudar Pljevlja,Montenegro,2,6,2,1,3,33%16%51%,0,0,0,0,0,0,7,7,18,1
392,Astana 64,Kazajistán,2,6,2,1,3,33%16%51%,0,0,0,0,0,0,9,14,11,0
393,Polonia Warszawa,Polonia,1,4,2,1,1,50%25%25%,0,0,0,0,0,0,10,8,10,1
394,Feronikeli,Kosovo,1,4,2,1,1,50%25%25%,0,0,0,0,0,0,5,4,14,1
395,MYPA,Finlandia,1,4,2,1,1,50%25%25%,0,0,0,0,0,0,4,4,6,0
396,Obilić,Serbia,1,4,2,1,1,50%25%25%,0,0,0,0,0,0,5,6,4,0
397,Drogheda,Irlanda,1,4,2,1,1,50%25%25%,0,0,0,0,0,0,6,5,8,0
398,Mura,Eslovenia,1,4,2,1,1,50%25%25%,0,0,0,0,0,0,7,3,3,0
399,Mogren,Montenegro,2,6,2,0,4,33%67%,0,0,0,0,0,0,7,17,11,0
400,Inter d'Escaldes,Andorra,3,5,2,0,3,40%60%,0,0,0,0,0,0,4,6,10,0
401,Milsami Orhei,Moldavia,1,4,2,0,2,50%50%,0,0,0,0,0,0,3,5,13,2
402,Borac Banja Luka,Bosnia-Herzegovina,2,4,2,0,2,50%50%,0,0,0,0,0,0,7,11,11,0
403,Prishtina,Kosovo,1,4,2,0,2,50%50%,0,0,0,0,0,0,5,6,10,0
404,Jazz,Finlandia,1,4,2,0,2,50%50%,0,0,0,0,0,0,6,8,7,0
405,Aris Limassol,Chipre,1,4,2,0,2,50%50%,0,0,0,0,0,0,12,8,4,0
406,Zalaegerszeg,Hungría,1,4,2,0,2,50%50%,0,0,0,0,0,0,3,7,9,2
407,Modriča,Bosnia-Herzegovina,1,4,2,0,2,50%50%,0,0,0,0,0,0,5,8,6,0
408,Urartu,Armenia,2,4,2,0,2,50%50%,0,0,0,0,0,0,6,6,14,1
409,Dinamo Brest,Bielorrusia,1,3,2,0,1,66%34%,0,0,0,0,0,0,8,5,7,0
410,Sloga Jugomagnat,Macedonia del Norte,3,10,1,3,6,10%30%60%,0,0,0,0,0,0,5,12,23,0
411,Kukësi,Albania,2,6,1,3,2,16%50%34%,0,0,0,0,0,0,3,6,9,2
412,Inter Baku,Azerbaiyán,2,6,1,3,2,16%50%34%,0,0,0,0,0,0,3,5,15,1
413,Shirak,Armenia,2,6,1,3,2,16%50%34%,0,0,0,0,0,0,6,5,12,1
414,Sūduva,Lituania,3,8,1,2,5,12%25%63%,0,0,0,0,0,0,5,13,15,0
415,Zestafoni,Georgia,2,6,1,2,3,16%33%51%,0,0,0,0,0,0,6,9,13,1
416,Brann,Noruega,2,6,1,2,3,16%33%51%,0,0,0,0,0,0,4,6,10,0
417,Stabæk,Noruega,1,4,1,2,1,25%50%25%,0,0,0,0,0,0,6,4,4,0
418,Mladá Boleslav,República Checa,1,4,1,2,1,25%50%25%,0,0,0,0,0,0,8,9,8,1
419,Dunaferr,Hungría,1,4,1,2,1,25%50%25%,0,0,0,0,0,0,7,6,12,0
420,Heerenveen,Países Bajos,1,6,1,1,4,16%16%68%,0,0,0,0,0,0,3,9,9,1
421,Blackburn Rovers,Inglaterra,1,6,1,1,4,16%16%68%,0,0,0,0,0,0,5,8,7,2
422,EB/Streymur,Islas Feroe,2,6,1,1,4,16%16%68%,0,0,0,0,0,0,9,17,13,1
423,WIT Georgia,Georgia,2,6,1,1,4,16%16%68%,0,0,0,0,0,0,8,17,14,2
424,Liepājas Metalurgs,Letonia,2,6,1,1,4,16%16%68%,0,0,0,0,0,0,3,14,14,0
425,Sileks,Macedonia del Norte,3,5,1,1,3,20%20%60%,0,0,0,0,0,0,2,9,9,1
426,Ballkani,Kosovo,2,4,1,1,2,25%25%50%,0,0,0,0,0,0,3,6,8,0
427,Tirol Innsbruck,Austria,2,4,1,1,2,25%25%50%,0,0,0,0,0,0,3,7,17,2
428,Leotar,Bosnia-Herzegovina,1,4,1,1,2,25%25%50%,0,0,0,0,0,0,3,4,10,1
429,Tavriya,Ucrania,1,4,1,1,2,25%25%50%,0,0,0,0,0,0,4,8,8,1
430,Aarau,Suiza,1,4,1,1,2,25%25%50%,0,0,0,0,0,0,3,3,7,0
431,Belshina,Bielorrusia,1,4,1,1,2,25%25%50%,0,0,0,0,0,0,3,7,3,0
432,Shkupi,Macedonia del Norte,1,4,1,1,2,25%25%50%,0,0,0,0,0,0,5,5,16,1
433,Metalist,Ucrania,1,2,1,1,0,50%50%,0,0,0,0,0,0,3,1,3,0
434,Tre Penne,San Marino,5,8,1,0,7,12%88%,0,0,0,0,0,0,3,27,23,0
435,Shamkir,Azerbaiyán,2,6,1,0,5,16%84%,0,0,0,0,0,0,6,11,12,1
436,Ružomberok,Eslovaquia,1,4,1,0,3,25%75%,0,0,0,0,0,0,3,7,4,0
437,Kapaz,Azerbaiyán,2,4,1,0,3,25%75%,0,0,0,0,0,0,4,9,6,0
438,Saburtalo,Georgia,1,4,1,0,3,25%75%,0,0,0,0,0,0,4,8,12,0
439,Zeta,Montenegro,1,4,1,0,3,25%75%,0,0,0,0,0,0,5,7,9,0
440,Sioni,Georgia,1,4,1,0,3,25%75%,0,0,0,0,0,0,2,5,10,1
441,Zagłębie Lubin,Polonia,2,4,1,0,3,25%75%,0,0,0,0,0,0,3,7,9,0
442,Europa FC,Gibraltar,2,3,1,0,2,33%67%,0,0,0,0,0,0,3,9,10,2
443,Ararat-Armenia,Armenia,2,3,1,0,2,33%67%,0,0,0,0,0,0,3,5,6,1
444,Lugano,Suiza,1,2,1,0,1,50%50%,0,0,0,0,0,0,2,4,6,1
445,Farul Constanța,Rumanía,1,2,1,0,1,50%50%,0,0,0,0,0,0,1,3,5,0
446,NK Zagreb,Croacia,1,2,1,0,1,50%50%,0,0,0,0,0,0,2,2,6,0
447,Gomel,Bielorrusia,1,2,1,0,1,50%50%,0,0,0,0,0,0,1,2,7,0
448,Sivasspor,Turquía,1,2,1,0,1,50%50%,0,0,0,0,0,0,3,6,4,0
449,Brotnjo,Bosnia-Herzegovina,1,2,1,0,1,50%50%,0,0,0,0,0,0,3,4,4,1
450,Dynamo Moskva,Rusia,1,2,1,0,1,50%50%,0,0,0,0,0,0,1,2,3,0
451,RFS,Letonia,1,2,1,0,1,50%50%,0,0,0,0,0,0,2,2,10,0
452,Cwmbran Town,Gales,1,2,1,0,1,50%50%,0,0,0,0,0,0,4,4,3,0
453,Celje,Eslovenia,1,2,1,0,1,50%50%,0,0,0,0,0,0,4,2,3,0
454,Llanelli Town,Gales,1,2,1,0,1,50%50%,0,0,0,0,0,0,1,4,4,0
455,Viitorul,Rumanía,1,2,1,0,1,50%50%,0,0,0,0,0,0,1,4,7,1
456,St Gilloise,Bélgica,1,2,1,0,1,50%50%,0,0,0,0,0,0,2,3,6,1
457,Hansa Rostock,Alemania,1,2,1,0,1,50%50%,0,0,0,0,0,0,1,3,2,0
458,Koper,Eslovenia,1,2,1,0,1,50%50%,0,0,0,0,0,0,4,5,7,0
459,Kalmar,Suecia,1,2,1,0,1,50%50%,0,0,0,0,0,0,3,3,2,0
460,Dacia Chișinău,Moldavia,1,2,1,0,1,50%50%,0,0,0,0,0,0,2,3,2,0
461,NSÍ,Islas Feroe,1,2,1,0,1,50%50%,0,0,0,0,0,0,1,3,4,1
462,Universitatea Craiova FC,Rumanía,1,2,1,0,1,50%50%,0,0,0,0,0,0,2,3,5,0
463,Sutjeska,Montenegro,5,12,0,3,9,25%75%,0,0,0,0,0,0,3,23,28,2
464,Hoffenheim,Alemania,2,8,0,3,5,37%63%,0,0,0,0,0,0,14,20,19,2
465,Riga,Letonia,3,5,0,3,2,60%40%,0,0,0,0,0,0,1,4,16,2
466,Politehnica Timișoara,Rumanía,1,4,0,3,1,75%25%,0,0,0,0,0,0,2,4,13,0
467,Tre Fiori,San Marino,4,7,0,2,5,28%72%,0,0,0,0,0,0,4,16,22,3
468,Fola Esch,Luxemburgo,4,7,0,2,5,28%72%,0,0,0,0,0,0,3,19,16,2
469,Montpellier,Francia,1,6,0,2,4,33%67%,0,0,0,0,0,0,6,12,15,1
470,Union Berlin,Alemania,1,6,0,2,4,33%67%,0,0,0,0,0,0,6,10,16,0
471,Willem II,Países Bajos,1,6,0,2,4,33%67%,0,0,0,0,0,0,7,15,14,1
472,Tobol,Kazajistán,2,4,0,2,2,50%50%,0,0,0,0,0,0,2,8,11,1
473,Hapoel Haifa,Israel,1,4,0,2,2,50%50%,0,0,0,0,0,0,1,5,10,0
474,Pobeda,Macedonia del Norte,2,4,0,2,2,50%50%,0,0,0,0,0,0,2,5,10,3
475,Sant Julià,Andorra,1,4,0,2,2,50%50%,0,0,0,0,0,0,2,11,10,3
476,Spartaks Jūrmala,Letonia,2,4,0,2,2,50%50%,0,0,0,0,0,0,1,4,12,0
477,Olimpi Rustavi,Georgia,2,4,0,2,2,50%50%,0,0,0,0,0,0,1,6,6,1
478,Vaslui,Rumanía,2,4,0,2,2,50%50%,0,0,0,0,0,0,2,7,11,0
479,AEK Larnaca,Chipre,1,2,0,2,0,100%,0,0,0,0,0,0,2,2,4,0
480,Osasuna,España,1,2,0,2,0,100%,0,0,0,0,0,0,1,1,5,0
481,Flamurtari,Albania,1,2,0,2,0,100%,0,0,0,0,0,0,1,1,2,0
482,Nordsjælland,Dinamarca,2,8,0,1,7,12%88%,0,0,0,0,0,0,4,28,18,0
483,Shakhtyor Soligorsk,Bielorrusia,3,6,0,1,5,16%84%,0,0,0,0,0,0,0,6,13,1
484,Bursaspor,Turquía,1,6,0,1,5,16%84%,0,0,0,0,0,0,2,16,9,0
485,Rennes,Francia,1,6,0,1,5,16%84%,0,0,0,0,0,0,3,11,16,1
486,La Fiorita,San Marino,4,6,0,1,5,16%84%,0,0,0,0,0,0,1,13,17,0
487,Cliftonville,Irlanda del Norte,3,6,0,1,5,16%84%,0,0,0,0,0,0,1,20,8,1
488,Kareda,Lituania,2,4,0,1,3,25%75%,0,0,0,0,0,0,1,8,4,0
489,Norma Tallinn,Estonia,2,4,0,1,3,25%75%,0,0,0,0,0,0,1,7,12,1
490,Lusitans,Andorra,2,4,0,1,3,25%75%,0,0,0,0,0,0,3,16,15,2
491,Connah's Quay,Gales,2,3,0,1,2,33%67%,0,0,0,0,0,0,2,5,5,0
492,Etar,Bulgaria,1,2,0,1,1,50%50%,0,0,0,0,0,0,1,3,8,0
493,Silkeborg,Dinamarca,1,2,0,1,1,50%50%,0,0,0,0,0,0,1,3,3,1
494,Swift Hesperange,Luxemburgo,1,2,0,1,1,50%50%,0,0,0,0,0,0,1,3,6,0
495,Constructorul Chişinău,Moldavia,1,2,0,1,1,50%50%,0,0,0,0,0,0,3,4,3,0
496,Vitória de Guimarães,Portugal,1,2,0,1,1,50%50%,0,0,0,0,0,0,1,2,7,0
497,St. Gallen,Suiza,1,2,0,1,1,50%50%,0,0,0,0,0,0,3,4,2,1
498,Dinamo Batumi,Georgia,1,2,0,1,1,50%50%,0,0,0,0,0,0,1,2,8,1
499,Metz,Francia,1,2,0,1,1,50%50%,0,0,0,0,0,0,1,2,2,1
500,Dnipro-1,Ucrania,1,2,0,1,1,50%50%,0,0,0,0,0,0,3,5,5,1
501,Larne,Irlanda del Norte,1,2,0,1,1,50%50%,0,0,0,0,0,0,2,3,5,0
502,VB Vágur,Islas Feroe,1,2,0,1,1,50%50%,0,0,0,0,0,0,0,5,1,0
503,TVMK,Estonia,1,2,0,1,1,50%50%,0,0,0,0,0,0,3,4,3,0
504,SJK,Finlandia,1,2,0,1,1,50%50%,0,0,0,0,0,0,2,4,4,0
505,Hammarby,Suecia,1,2,0,1,1,50%50%,0,0,0,0,0,0,1,5,1,0
506,Khazar Lankaran,Azerbaiyán,1,2,0,1,1,50%50%,0,0,0,0,0,0,2,4,6,2
507,Irtysh,Kazajistán,1,2,0,1,1,50%50%,0,0,0,0,0,0,1,2,6,0
508,Astra,Rumanía,1,2,0,1,1,50%50%,0,0,0,0,0,0,1,4,4,0
509,ChievoVerona,Italia,1,2,0,1,1,50%50%,0,0,0,0,0,0,2,4,4,1
510,Grevenmacher,Luxemburgo,1,2,0,1,1,50%50%,0,0,0,0,0,0,0,2,2,0
511,Piast,Polonia,1,2,0,1,1,50%50%,0,0,0,0,0,0,2,3,4,0
512,Struga,Macedonia del Norte,1,2,0,1,1,50%50%,0,0,0,0,0,0,1,2,3,0
513,Oțelul Galați,Rumanía,1,6,0,0,6,100%,0,0,0,0,0,0,3,11,14,2
514,Murata,San Marino,2,4,0,0,4,100%,0,0,0,0,0,0,1,13,6,0
515,Rhyl,Gales,2,4,0,0,4,100%,0,0,0,0,0,0,1,19,8,0
516,Araks Ararat,Armenia,2,4,0,0,4,100%,0,0,0,0,0,0,0,8,7,1
517,Folgore,San Marino,2,3,0,0,3,100%,0,0,0,0,0,0,2,6,11,1
518,TSC Bačka Topola,Serbia,1,2,0,0,2,100%,0,0,0,0,0,0,1,7,4,0
519,Herfølge BK,Dinamarca,1,2,0,0,2,100%,0,0,0,0,0,0,0,6,3,0
520,Valmiera,Letonia,1,2,0,0,2,100%,0,0,0,0,0,0,2,4,1,0
521,Rànger's,Andorra,1,2,0,0,2,100%,0,0,0,0,0,0,0,5,5,2
522,Toulouse,Francia,1,2,0,0,2,100%,0,0,0,0,0,0,0,5,3,0
523,Dnepr,Bielorrusia,1,2,0,0,2,100%,0,0,0,0,0,0,0,3,4,0
524,Lokomotiv Plovdiv,Bulgaria,1,2,0,0,2,100%,0,0,0,0,0,0,0,6,4,1
525,Teplice,República Checa,1,2,0,0,2,100%,0,0,0,0,0,0,0,2,4,0
526,Marsaxlokk,Malta,1,2,0,0,2,100%,0,0,0,0,0,0,1,9,4,0
527,Samtredia,Georgia,1,2,0,0,2,100%,0,0,0,0,0,0,0,6,6,0
528,Alania Vladikavkaz,Rusia,1,2,0,0,2,100%,0,0,0,0,0,0,3,10,2,1
529,Kilikija,Armenia,1,2,0,0,2,100%,0,0,0,0,0,0,3,6,3,0
530,Liepāja,Letonia,1,2,0,0,2,100%,0,0,0,0,0,0,0,3,5,0
531,Mladost Podgorica,Montenegro,1,2,0,0,2,100%,0,0,0,0,0,0,0,5,6,0
532,Dila,Georgia,1,2,0,0,2,100%,0,0,0,0,0,0,0,3,7,1
533,Stjarnan,Islandia,1,2,0,0,2,100%,0,0,0,0,0,0,1,6,2,0
534,Daugava Daugavpils,Letonia,1,2,0,0,2,100%,0,0,0,0,0,0,1,11,5,0
535,Zulte Waregem,Bélgica,1,2,0,0,2,100%,0,0,0,0,0,0,0,5,4,1
536,Paços de Ferreira,Portugal,1,2,0,0,2,100%,0,0,0,0,0,0,3,8,4,0
537,Ulisses,Armenia,1,2,0,0,2,100%,0,0,0,0,0,0,0,2,3,0
538,FC Yerevan,Armenia,1,2,0,0,2,100%,0,0,0,0,0,0,0,5,6,1
539,FCI Tallinn,Estonia,1,2,0,0,2,100%,0,0,0,0,0,0,0,3,5,0
540,Motherwell,Escocia,1,2,0,0,2,100%,0,0,0,0,0,0,0,5,2,0
541,Renova,Macedonia del Norte,1,2,0,0,2,100%,0,0,0,0,0,0,0,5,4,1
542,Makedonija,Macedonia del Norte,1,2,0,0,2,100%,0,0,0,0,0,0,0,4,5,0
543,Teuta,Albania,1,2,0,0,2,100%,0,0,0,0,0,0,0,5,4,0
544,B68,Islas Feroe,1,2,0,0,2,100%,0,0,0,0,0,0,0,11,0,0
545,Vác,Hungría,1,2,0,0,2,100%,0,0,0,0,0,0,1,5,2,0
546,Inter Turku,Finlandia,1,2,0,0,2,100%,0,0,0,0,0,0,0,2,7,0
547,Mariehamn,Finlandia,1,2,0,0,2,100%,0,0,0,0,0,0,0,9,2,1
548,GÍ,Islas Feroe,1,2,0,0,2,100%,0,0,0,0,0,0,0,11,4,0
549,Lantana,Estonia,1,2,0,0,2,100%,0,0,0,0,0,0,0,3,4,0
550,Bangor City,Gales,1,2,0,0,2,100%,0,0,0,0,0,0,0,13,3,0
551,Trepça'89,Kosovo,1,2,0,0,2,100%,0,0,0,0,0,0,2,6,6,1
552,Lokomotiva Zagreb,Croacia,1,1,0,0,1,100%,0,0,0,0,0,0,0,1,4,0
553,Atlètic Escaldes,Andorra,1,1,0,0,1,100%,0,0,0,0,0,0,0,3,1,0
