Jugador,País,Posc,Edad,PJ,Titular,Mín,90 s,Gls.,Ass,G+A,G-TP,TP,TPint,TA,TR,xG,npxG,xAG,npxG+xAG,PrgC,PrgP,PrgR,Gls.,Ast,G+A,G-TP,G+A-TP,xG,xAG,xG+xAG,npxG,npxG+xAG,Partidos,Bayern Munich
Harry Kane,engENG,DL,30-203,21,21,"1,858",20.6,24,5,29,21,3,3,2,0,18.1,15.7,5.2,20.9,24,62,96,1.16,0.24,1.40,1.02,1.26,0.88,0.25,1.13,0.76,1.01,Partidos,Bayern Munich
Leroy Sané,deGER,DL,28-036,21,21,"1,834",20.4,8,11,19,8,0,0,4,0,9.9,9.9,10.3,20.2,105,93,241,0.39,0.54,0.93,0.39,0.93,0.48,0.51,0.99,0.48,0.99,Partidos,Bayern Munich
Alphonso Davies,caCAN,DF,23-106,18,17,"1,417",15.7,1,3,4,1,0,0,0,0,0.3,0.3,1.7,2.0,84,76,94,0.06,0.19,0.25,0.06,0.25,0.02,0.11,0.13,0.02,0.13,Partidos,Bayern Munich
Kim Min-jae,krKOR,DF,27-093,16,16,"1,407",15.6,1,0,1,1,0,0,2,0,0.6,0.6,0.2,0.8,10,93,2,0.06,0.00,0.06,0.06,0.06,0.04,0.01,0.05,0.04,0.05,Partidos,Bayern Munich
Dayot Upamecano,frFRA,DF,25-112,17,16,"1,334",14.8,1,0,1,1,0,0,1,0,1.6,1.6,0.5,2.1,20,106,4,0.07,0.00,0.07,0.07,0.07,0.11,0.03,0.14,0.11,0.14,Partidos,Bayern Munich
Leon Goretzka,deGER,CC,29-010,17,14,"1,210",13.4,2,3,5,2,0,0,2,0,3.2,3.2,2.0,5.3,37,84,48,0.15,0.22,0.37,0.15,0.37,0.24,0.15,0.39,0.24,0.39,Partidos,Bayern Munich
Joshua Kimmich,deGER,CC,29-008,15,14,"1,130",12.6,1,3,4,1,0,0,1,1,0.6,0.6,3.1,3.6,20,136,19,0.08,0.24,0.32,0.08,0.32,0.05,0.24,0.29,0.05,0.29,Partidos,Bayern Munich
Kingsley Coman,frFRA,DL,27-248,15,14,"1,036",11.5,3,3,6,3,0,0,1,0,2.7,2.7,3.7,6.4,69,60,187,0.26,0.26,0.52,0.26,0.52,0.24,0.32,0.56,0.24,0.56,Partidos,Bayern Munich
Konrad Laimer,atAUT,"DF,CC",26-265,18,13,"1,268",14.1,0,2,2,0,0,0,2,0,0.7,0.7,2.6,3.3,54,90,83,0.00,0.14,0.14,0.00,0.14,0.05,0.18,0.23,0.05,0.23,Partidos,Bayern Munich
Manuel Neuer,deGER,PO,37-326,13,13,"1,170",13.0,0,0,0,0,0,0,1,0,0.0,0.0,0.0,0.0,0,6,0,0.00,0.00,0.00,0.00,0.00,0.00,0.00,0.00,0.00,0.00,Partidos,Bayern Munich
Jamal Musiala,deGER,"CC,DL",20-355,16,13,"1,158",12.9,5,2,7,5,0,0,1,0,4.0,4.0,2.2,6.2,58,66,91,0.39,0.16,0.54,0.39,0.54,0.31,0.17,0.48,0.31,0.48,Partidos,Bayern Munich
Noussair Mazraoui,maMAR,DF,26-094,13,12,971,10.8,0,3,3,0,0,0,3,0,0.8,0.8,1.7,2.5,27,92,67,0.00,0.28,0.28,0.00,0.28,0.08,0.16,0.24,0.08,0.24,Partidos,Bayern Munich
Matthijs de Ligt,nlNED,DF,24-188,13,8,729,8.1,2,0,2,2,0,0,4,0,1.6,1.6,0.1,1.7,11,47,4,0.25,0.00,0.25,0.25,0.25,0.20,0.01,0.20,0.20,0.20,Partidos,Bayern Munich
Sven Ulreich,deGER,PO,35-197,8,8,720,8.0,0,0,0,0,0,0,1,0,0.0,0.0,0.0,0.0,0,0,0,0.00,0.00,0.00,0.00,0.00,0.00,0.00,0.00,0.00,0.00,Partidos,Bayern Munich
Thomas Müller,deGER,"CC,DL",34-156,19,8,717,8.0,1,7,8,1,0,0,0,0,2.5,2.5,5.8,8.3,17,37,77,0.13,0.88,1.00,0.13,1.00,0.31,0.73,1.04,0.31,1.04,Partidos,Bayern Munich
Raphaël Guerreiro,ptPOR,"CC,DF",30-056,11,6,636,7.1,2,0,2,2,0,0,2,0,1.0,1.0,0.6,1.6,17,47,38,0.28,0.00,0.28,0.28,0.28,0.14,0.08,0.22,0.14,0.22,Partidos,Bayern Munich
Aleksandar Pavlovic,deGER,CC,19-289,10,6,555,6.2,2,2,4,2,0,0,3,0,1.2,1.2,0.7,1.9,7,44,5,0.32,0.32,0.65,0.32,0.65,0.19,0.12,0.31,0.19,0.31,Partidos,Bayern Munich
Eric Maxim Choupo-Moting,cmCMR,"CC,DL",34-330,18,3,353,3.9,2,0,2,2,0,0,1,0,4.0,4.0,1.4,5.4,7,10,36,0.51,0.00,0.51,0.51,0.51,1.01,0.35,1.37,1.01,1.37,Partidos,Bayern Munich
Eric Dier,engENG,DF,30-032,4,3,315,3.5,0,0,0,0,0,0,0,0,0.0,0.0,0.0,0.0,4,19,1,0.00,0.00,0.00,0.00,0.00,0.00,0.00,0.00,0.00,0.00,Partidos,Bayern Munich
Serge Gnabry,deGER,"DL,CC",28-217,5,3,226,2.5,0,0,0,0,0,0,0,0,1.1,1.1,0.5,1.7,12,10,26,0.00,0.00,0.00,0.00,0.00,0.46,0.22,0.67,0.46,0.67,Partidos,Bayern Munich
Sacha Boey,frFRA,DF,23-156,2,1,109,1.2,0,0,0,0,0,0,1,0,0.2,0.2,0.0,0.2,1,5,8,0.00,0.00,0.00,0.00,0.00,0.20,0.00,0.20,0.20,0.20,Partidos,Bayern Munich
Bouna Sarr,snSEN,DF,32-016,2,1,106,1.2,0,0,0,0,0,0,0,0,0.2,0.2,0.0,0.2,3,2,4,0.00,0.00,0.00,0.00,0.00,0.19,0.00,0.19,0.19,0.19,Partidos,Bayern Munich
Mathys Tel,frFRA,"DL,CC",18-295,17,0,377,4.2,3,2,5,3,0,0,1,0,1.7,1.7,0.3,2.0,17,10,51,0.72,0.48,1.19,0.72,1.19,0.40,0.08,0.48,0.40,0.48,Partidos,Bayern Munich
Frans Krätzig,deGER,DF,21-033,4,0,56,0.6,0,0,0,0,0,0,0,0,0.3,0.3,0.3,0.5,0,7,7,0.00,0.00,0.00,0.00,0.00,0.42,0.42,0.84,0.42,0.84,Partidos,Bayern Munich
Ryan Gravenberch,nlNED,DL,21-276,1,0,10,0.1,0,0,0,0,0,0,1,0,0.0,0.0,0.2,0.2,0,1,3,0.00,0.00,0.00,0.00,0.00,0.00,1.92,1.92,0.00,1.92,Partidos,Bayern Munich
Lovro Zvonarek,hrCRO,CC,18-284,1,0,1,0.0,0,0,0,0,0,0,0,0,0.0,0.0,0.0,0.0,0,0,0,0.00,0.00,0.00,0.00,0.00,0.00,0.00,0.00,0.00,0.00,Partidos,Bayern Munich
Adam Aznou,esESP,DF,17-259,0,0,,,,,,,,,,,,,,,,,,,,,,,,,,,,Partidos,Bayern Munich
Taichi Fukui,jpJPN,CC,19-216,0,0,,,,,,,,,,,,,,,,,,,,,,,,,,,,Partidos,Bayern Munich
Tom Hülsmann,deGER,PO,19-311,0,0,,,,,,,,,,,,,,,,,,,,,,,,,,,,Partidos,Bayern Munich
Noel Nkili,deGER,CC,18-086,0,0,,,,,,,,,,,,,,,,,,,,,,,,,,,,Partidos,Bayern Munich
Benjamin Pavard,frFRA,DF,27-325,0,0,,,,,,,,,,,,,,,,,,,,,,,,,,,,Partidos,Bayern Munich
Daniel Peretz,ilISR,PO,23-221,0,0,,,,,,,,,,,,,,,,,,,,,,,,,,,,Partidos,Bayern Munich
Bryan Zaragoza,esESP,CC,22-297,0,0,,,,,,,,,,,,,,,,,,,,,,,,,,,,Partidos,Bayern Munich
Total del equipo,,,28.0,21,231,"1,890",21.0,58,46,104,55,3,3,34,1,54.9,52.6,42.7,95.3,604,1203,1192,2.76,2.19,4.95,2.62,4.81,2.61,2.03,4.65,2.50,4.54,,Bayern Munich
Total del oponente,,,27.1,21,231,"1,890",21.0,22,14,36,20,2,3,40,3,17.3,14.9,10.8,25.7,290,580,574,1.05,0.67,1.71,0.95,1.62,0.82,0.52,1.34,0.71,1.23,,Bayern Munich
Jan Oblak,siSVN,PO,31-040,24,24,"2,160",24.0,0,0,0,0,0,0,1,0,0.0,0.0,0.0,0.0,0,0,0,0.00,0.00,0.00,0.00,0.00,0.00,0.00,0.00,0.00,0.00,Partidos,Atletico Madrid
Antoine Griezmann,frFRA,"DL,CC",32-332,24,23,"1,947",21.6,11,6,17,8,3,3,3,0,9.6,7.4,4.9,12.3,31,91,151,0.51,0.28,0.79,0.37,0.65,0.44,0.23,0.67,0.34,0.57,Partidos,Atletico Madrid
Axel Witsel,beBEL,DF,35-035,23,21,"1,916",21.3,1,0,1,1,0,0,3,0,0.9,0.9,0.3,1.2,14,62,4,0.05,0.00,0.05,0.05,0.05,0.04,0.01,0.05,0.04,0.05,Partidos,Atletico Madrid
Mario Hermoso,esESP,DF,28-243,21,21,"1,851",20.6,0,1,1,0,0,0,7,0,0.9,0.9,0.7,1.6,22,128,46,0.00,0.05,0.05,0.00,0.05,0.04,0.03,0.08,0.04,0.08,Partidos,Atletico Madrid
Koke,esESP,CC,32-039,21,19,"1,425",15.8,0,2,2,0,0,0,4,0,0.3,0.3,1.4,1.7,17,125,19,0.00,0.13,0.13,0.00,0.13,0.02,0.09,0.10,0.02,0.10,Partidos,Atletico Madrid
Marcos Llorente,esESP,"CC,DF",29-017,24,18,"1,581",17.6,4,3,7,4,0,0,3,0,1.5,1.5,4.3,5.8,45,67,113,0.23,0.17,0.40,0.23,0.40,0.09,0.24,0.33,0.09,0.33,Partidos,Atletico Madrid
Álvaro Morata,esESP,DL,31-116,22,18,"1,468",16.3,13,1,14,13,0,0,3,1,9.6,9.6,0.5,10.1,15,18,64,0.80,0.06,0.86,0.80,0.86,0.59,0.03,0.62,0.59,0.62,Partidos,Atletico Madrid
Rodrigo De Paul,arARG,CC,29-268,21,15,"1,300",14.4,0,4,4,0,0,0,3,0,1.2,1.2,3.9,5.1,47,134,39,0.00,0.28,0.28,0.00,0.28,0.08,0.27,0.35,0.08,0.35,Partidos,Atletico Madrid
Nahuel Molina,arARG,DF,25-316,21,13,"1,229",13.7,2,2,4,2,0,0,2,0,1.1,1.1,2.4,3.5,30,48,113,0.15,0.15,0.29,0.15,0.29,0.08,0.18,0.26,0.08,0.26,Partidos,Atletico Madrid
Samuel Lino,brBRA,DF,24-055,20,12,"1,155",12.8,3,2,5,3,0,0,1,0,2.3,2.3,3.0,5.4,71,44,125,0.23,0.16,0.39,0.23,0.39,0.18,0.24,0.42,0.18,0.42,Partidos,Atletico Madrid
Stefan Savić,meMNE,DF,33-039,13,12,994,11.0,0,0,0,0,0,0,5,1,0.3,0.3,0.0,0.3,12,46,1,0.00,0.00,0.00,0.00,0.00,0.02,0.00,0.02,0.02,0.02,Partidos,Atletico Madrid
Rodrigo Riquelme,esESP,"DF,CC",23-320,20,12,926,10.3,2,3,5,2,0,0,1,0,2.0,2.0,2.2,4.2,64,35,107,0.19,0.29,0.49,0.19,0.49,0.19,0.22,0.41,0.19,0.41,Partidos,Atletico Madrid
Saúl Ñíguez,esESP,CC,29-087,23,11,"1,028",11.4,0,4,4,0,0,0,5,0,1.0,1.0,3.0,4.1,18,26,37,0.00,0.35,0.35,0.00,0.35,0.09,0.26,0.36,0.09,0.36,Partidos,Atletico Madrid
César Azpilicueta,esESP,DF,34-172,16,9,951,10.6,0,1,1,0,0,0,3,0,0.6,0.6,2.0,2.6,25,53,29,0.00,0.09,0.09,0.00,0.09,0.06,0.19,0.25,0.06,0.25,Partidos,Atletico Madrid
Pablo Barrios,esESP,CC,20-246,14,9,888,9.9,0,1,1,0,0,0,3,0,0.4,0.4,1.2,1.5,29,59,27,0.00,0.10,0.10,0.00,0.10,0.04,0.12,0.16,0.04,0.16,Partidos,Atletico Madrid
José María Giménez,uyURU,DF,29-027,15,7,724,8.0,0,0,0,0,0,0,4,0,0.3,0.3,0.1,0.4,0,18,1,0.00,0.00,0.00,0.00,0.00,0.04,0.01,0.05,0.04,0.05,Partidos,Atletico Madrid
Memphis,nlNED,DL,30-003,14,5,511,5.7,4,1,5,4,0,0,1,0,4.4,4.4,1.2,5.6,11,19,53,0.70,0.18,0.88,0.70,0.88,0.78,0.21,0.99,0.78,0.99,Partidos,Atletico Madrid
Ángel Correa,arARG,"DL,CC",28-344,19,4,681,7.6,4,1,5,4,0,0,1,0,3.8,3.8,1.5,5.3,17,39,72,0.53,0.13,0.66,0.53,0.66,0.51,0.19,0.70,0.51,0.70,Partidos,Atletico Madrid
Yannick Carrasco,beBEL,DF,30-165,3,3,221,2.5,0,1,1,0,0,0,0,0,0.1,0.1,0.2,0.3,9,6,17,0.00,0.41,0.41,0.00,0.41,0.03,0.10,0.12,0.03,0.12,Partidos,Atletico Madrid
Thomas Lemar,frFRA,CC,28-096,3,3,164,1.8,0,0,0,0,0,0,0,0,0.2,0.2,0.0,0.2,5,13,9,0.00,0.00,0.00,0.00,0.00,0.09,0.01,0.10,0.09,0.10,Partidos,Atletico Madrid
Reinildo Mandava,mzMOZ,DF,30-026,4,2,223,2.5,1,0,1,1,0,0,0,0,0.1,0.1,0.0,0.1,4,12,2,0.40,0.00,0.40,0.40,0.40,0.03,0.00,0.03,0.03,0.03,Partidos,Atletico Madrid
Çağlar Söyüncü,trTUR,DF,27-269,6,1,114,1.3,0,0,0,0,0,0,0,1,0.0,0.0,0.0,0.0,2,6,0,0.00,0.00,0.00,0.00,0.00,0.00,0.00,0.00,0.00,0.00,Partidos,Atletico Madrid
Gabriel Paulista,brBRA,DF,33-082,1,1,90,1.0,0,0,0,0,0,0,0,0,0.0,0.0,0.1,0.1,0,2,0,0.00,0.00,0.00,0.00,0.00,0.00,0.08,0.08,0.00,0.08,Partidos,Atletico Madrid
Arthur Vermeeren,beBEL,CC,19-009,1,1,45,0.5,0,0,0,0,0,0,0,0,0.0,0.0,0.0,0.0,1,1,2,0.00,0.00,0.00,0.00,0.00,0.00,0.00,0.00,0.00,0.00,Partidos,Atletico Madrid
Javi Galán,esESP,DF,29-089,5,0,88,1.0,0,0,0,0,0,0,1,0,0.0,0.0,0.1,0.1,3,4,13,0.00,0.00,0.00,0.00,0.00,0.00,0.06,0.06,0.00,0.06,Partidos,Atletico Madrid
Rayane Belaid,esESP,DF,19-005,0,0,,,,,,,,,,,,,,,,,,,,,,,,,,,,Partidos,Atletico Madrid
João Félix,ptPOR,"DL,CC",24-098,0,0,,,,,,,,,,,,,,,,,,,,,,,,,,,,Partidos,Atletico Madrid
Aitor Gismera,esESP,CC,19-360,0,0,,,,,,,,,,,,,,,,,,,,,,,,,,,,Partidos,Atletico Madrid
Antonio Gomis,esESP,PO,20-272,0,0,,,,,,,,,,,,,,,,,,,,,,,,,,,,Partidos,Atletico Madrid
Ivo Grbić,hrCRO,PO,28-029,0,0,,,,,,,,,,,,,,,,,,,,,,,,,,,,Partidos,Atletico Madrid
Salim El Jebari,maMAR,CC,20-011,0,0,,,,,,,,,,,,,,,,,,,,,,,,,,,,Partidos,Atletico Madrid
Ilias Kostis,grGRE,DF,20-354,0,0,,,,,,,,,,,,,,,,,,,,,,,,,,,,Partidos,Atletico Madrid
Sergio Mestre,esESP,PO,19-003,0,0,,,,,,,,,,,,,,,,,,,,,,,,,,,,Partidos,Atletico Madrid
Horaţiu Moldovan,roROU,PO,26-027,0,0,,,,,,,,,,,,,,,,,,,,,,,,,,,,Partidos,Atletico Madrid
Marco Moreno,esESP,DF,22-361,0,0,,,,,,,,,,,,,,,,,,,,,,,,,,,,Partidos,Atletico Madrid
Adrian Niño,esESP,DL,19-242,0,0,,,,,,,,,,,,,,,,,,,,,,,,,,,,Partidos,Atletico Madrid
Total del equipo,,,29.9,24,264,"2,160",24.0,45,33,78,42,3,3,54,3,40.3,38.1,32.8,70.9,492,1056,1044,1.87,1.37,3.25,1.75,3.12,1.68,1.36,3.05,1.59,2.95,,Atletico Madrid
Total del oponente,,,27.6,24,264,"2,160",24.0,26,17,43,25,1,2,45,2,26.8,25.2,19.4,44.6,432,972,955,1.08,0.71,1.79,1.04,1.75,1.11,0.81,1.92,1.05,1.86,,Atletico Madrid
Julián Álvarez,arARG,"CC,DL",24-016,23,23,"1,930",21.4,8,5,13,7,1,1,2,0,8.4,7.7,5.1,12.8,40,70,122,0.37,0.23,0.61,0.33,0.56,0.39,0.24,0.63,0.36,0.60,Partidos,Manchester City
Ederson,brBRA,PO,30-183,22,22,"1,897",21.1,0,0,0,0,0,0,4,0,0.0,0.0,0.1,0.1,0,2,0,0.00,0.00,0.00,0.00,0.00,0.00,0.00,0.00,0.00,0.00,Partidos,Manchester City
Kyle Walker,engENG,DF,33-264,22,21,"1,900",21.1,0,2,2,0,0,0,1,0,0.3,0.3,2.0,2.3,52,112,121,0.00,0.09,0.09,0.00,0.09,0.01,0.10,0.11,0.01,0.11,Partidos,Manchester City
Phil Foden,engENG,"DL,CC",23-264,23,21,"1,860",20.7,8,7,15,8,0,0,1,0,5.6,5.6,4.5,10.1,55,96,161,0.39,0.34,0.73,0.39,0.73,0.27,0.22,0.49,0.27,0.49,Partidos,Manchester City
Rodri,esESP,CC,27-239,20,20,"1,716",19.1,5,3,8,5,0,0,7,1,2.7,2.7,1.9,4.5,50,206,33,0.26,0.16,0.42,0.26,0.42,0.14,0.10,0.24,0.14,0.24,Partidos,Manchester City
Rúben Dias,ptPOR,DF,26-278,19,17,"1,569",17.4,0,0,0,0,0,0,0,0,0.8,0.8,0.2,1.0,26,108,11,0.00,0.00,0.00,0.00,0.00,0.05,0.01,0.06,0.05,0.06,Partidos,Manchester City
Bernardo Silva,ptPOR,"CC,DL",29-190,19,17,"1,510",16.8,6,4,10,6,0,0,4,0,2.2,2.2,4.2,6.5,88,108,145,0.36,0.24,0.60,0.36,0.60,0.13,0.25,0.38,0.13,0.38,Partidos,Manchester City
Erling Haaland,noNOR,DL,23-210,18,17,"1,488",16.5,16,5,21,13,3,4,1,0,16.3,13.2,3.6,16.8,15,12,65,0.97,0.30,1.27,0.79,1.09,0.99,0.22,1.21,0.80,1.02,Partidos,Manchester City
Joško Gvardiol,hrCRO,DF,22-024,18,16,"1,473",16.4,0,0,0,0,0,0,2,0,1.0,1.0,0.9,1.8,39,80,70,0.00,0.00,0.00,0.00,0.00,0.06,0.05,0.11,0.06,0.11,Partidos,Manchester City
Nathan Aké,nlNED,DF,28-363,19,15,"1,367",15.2,2,2,4,2,0,0,0,0,1.6,1.6,1.1,2.7,20,78,10,0.13,0.13,0.26,0.13,0.26,0.11,0.07,0.18,0.11,0.18,Partidos,Manchester City
Manuel Akanji,chSUI,"DF,CC",28-212,16,15,"1,316",14.6,2,0,2,2,0,0,4,1,0.8,0.8,0.2,1.0,20,67,15,0.14,0.00,0.14,0.14,0.14,0.06,0.01,0.07,0.06,0.07,Partidos,Manchester City
Jeremy Doku,beBEL,"DL,CC",21-265,15,12,971,10.8,2,5,7,2,0,0,3,0,1.1,1.1,3.1,4.2,127,31,166,0.19,0.46,0.65,0.19,0.65,0.10,0.29,0.39,0.10,0.39,Partidos,Manchester City
Mateo Kovačić,hrCRO,CC,29-286,17,9,864,9.6,0,0,0,0,0,0,3,0,0.7,0.7,1.0,1.7,22,57,25,0.00,0.00,0.00,0.00,0.00,0.08,0.10,0.18,0.08,0.18,Partidos,Manchester City
Jack Grealish,engENG,DL,28-159,14,7,707,7.9,3,1,4,3,0,0,5,0,1.9,1.9,2.1,4.0,55,29,87,0.38,0.13,0.51,0.38,0.51,0.24,0.27,0.51,0.24,0.51,Partidos,Manchester City
John Stones,engENG,"DF,CC",29-264,10,7,592,6.6,0,0,0,0,0,0,1,0,0.0,0.0,0.2,0.2,7,27,10,0.00,0.00,0.00,0.00,0.00,0.00,0.02,0.02,0.00,0.02,Partidos,Manchester City
Rico Lewis,engENG,"CC,DF",19-087,10,5,454,5.0,1,0,1,1,0,0,1,0,0.3,0.3,0.5,0.8,6,12,17,0.20,0.00,0.20,0.20,0.20,0.06,0.09,0.15,0.06,0.15,Partidos,Manchester City
Matheus Nunes,ptPOR,CC,25-173,10,5,443,4.9,0,2,2,0,0,0,0,0,0.4,0.4,1.0,1.3,16,21,40,0.00,0.41,0.41,0.00,0.41,0.07,0.20,0.27,0.07,0.27,Partidos,Manchester City
Kevin De Bruyne,beBEL,CC,32-233,5,3,238,2.6,1,4,5,1,0,0,0,0,0.6,0.6,2.5,3.1,7,19,25,0.38,1.51,1.89,0.38,1.89,0.23,0.95,1.18,0.23,1.18,Partidos,Manchester City
Stefan Ortega,deGER,PO,31-102,2,1,173,1.9,0,0,0,0,0,0,0,0,0.0,0.0,0.0,0.0,0,0,0,0.00,0.00,0.00,0.00,0.00,0.00,0.00,0.00,0.00,0.00,Partidos,Manchester City
Oscar Bobb,noNOR,"DL,CC",20-219,7,0,119,1.3,1,1,2,1,0,0,0,0,1.0,1.0,0.6,1.7,8,12,15,0.76,0.76,1.51,0.76,1.51,0.79,0.46,1.25,0.79,1.25,Partidos,Manchester City
Kalvin Phillips,engENG,CC,28-076,4,0,93,1.0,0,0,0,0,0,0,0,0,0.1,0.1,0.0,0.1,7,7,3,0.00,0.00,0.00,0.00,0.00,0.07,0.00,0.07,0.07,0.07,Partidos,Manchester City
Sergio Gómez,esESP,DL,23-165,3,0,20,0.2,0,1,1,0,0,0,0,0,0.0,0.0,0.2,0.2,3,1,2,0.00,4.50,4.50,0.00,4.50,0.00,0.85,0.85,0.00,0.85,Partidos,Manchester City
Aymeric Laporte,esESP,DF,29-265,1,0,12,0.1,0,0,0,0,0,0,0,0,0.0,0.0,0.0,0.0,0,0,0,0.00,0.00,0.00,0.00,0.00,0.27,0.00,0.27,0.27,0.27,Partidos,Manchester City
Cole Palmer,engENG,CC,21-286,1,0,11,0.1,0,0,0,0,0,0,0,0,0.0,0.0,0.0,0.0,0,0,0,0.00,0.00,0.00,0.00,0.00,0.00,0.00,0.00,0.00,0.00,Partidos,Manchester City
James Mcatee,engENG,CC,21-121,1,0,1,0.0,0,0,0,0,0,0,0,0,0.0,0.0,0.0,0.0,0,0,0,0.00,0.00,0.00,0.00,0.00,0.00,0.00,0.00,0.00,0.00,Partidos,Manchester City
Scott Carson,engENG,PO,38-166,0,0,,,,,,,,,,,,,,,,,,,,,,,,,,,,Partidos,Manchester City
Micah Hamilton,engENG,CC,20-095,0,0,,,,,,,,,,,,,,,,,,,,,,,,,,,,Partidos,Manchester City
Máximo Perrone,arARG,CC,21-040,0,0,,,,,,,,,,,,,,,,,,,,,,,,,,,,Partidos,Manchester City
Mahamadou Susoho,esESP,DF,19-027,0,0,,,,,,,,,,,,,,,,,,,,,,,,,,,,Partidos,Manchester City
Jacob Wright,engENG,CC,18-148,0,0,,,,,,,,,,,,,,,,,,,,,,,,,,,,Partidos,Manchester City
Total del equipo,,,27.1,23,253,"2,070",23.0,55,42,97,51,4,5,39,2,45.1,41.4,34.6,76.0,663,1155,1143,2.39,1.83,4.22,2.22,4.04,1.96,1.50,3.47,1.80,3.30,,Manchester City
Total del oponente,,,27.0,23,253,"2,070",23.0,24,18,42,22,2,2,65,1,21.9,20.4,16.5,36.9,286,474,471,1.04,0.78,1.83,0.96,1.74,0.95,0.72,1.67,0.89,1.60,,Manchester City
Ivan Provedel,itITA,PO,29-336,23,23,"2,070",23.0,0,0,0,0,0,0,0,0,0.0,0.0,0.0,0.0,0,1,0,0.00,0.00,0.00,0.00,0.00,0.00,0.00,0.00,0.00,0.00,Partidos,Lazio
Adam Marušić,meMNE,DF,31-122,23,23,"1,931",21.5,0,0,0,0,0,0,2,0,0.1,0.1,0.6,0.7,23,74,51,0.00,0.00,0.00,0.00,0.00,0.00,0.03,0.03,0.00,0.03,Partidos,Lazio
Felipe Anderson,brBRA,DL,30-307,23,20,"1,672",18.6,3,6,9,3,0,0,2,0,2.7,2.7,3.8,6.5,73,71,139,0.16,0.32,0.48,0.16,0.48,0.14,0.20,0.35,0.14,0.35,Partidos,Lazio
Luis Alberto,esESP,CC,31-141,20,19,"1,487",16.5,3,2,5,3,0,0,6,0,2.8,2.8,2.3,5.2,56,145,71,0.18,0.12,0.30,0.18,0.30,0.17,0.14,0.31,0.17,0.31,Partidos,Lazio
Mattéo Guendouzi,frFRA,CC,24-308,21,18,"1,510",16.8,1,0,1,1,0,0,1,0,1.0,1.0,1.4,2.4,27,61,54,0.06,0.00,0.06,0.06,0.06,0.06,0.09,0.14,0.06,0.14,Partidos,Lazio
Mattia Zaccagni,itITA,DL,28-245,18,16,"1,291",14.3,3,0,3,3,0,0,5,0,3.1,3.1,1.4,4.5,64,38,146,0.21,0.00,0.21,0.21,0.21,0.22,0.10,0.31,0.22,0.31,Partidos,Lazio
Alessio Romagnoli,itITA,DF,29-035,17,15,"1,421",15.8,0,0,0,0,0,0,4,0,0.3,0.3,0.1,0.4,5,54,0,0.00,0.00,0.00,0.00,0.00,0.02,0.01,0.02,0.02,0.02,Partidos,Lazio
Nicolò Rovella,itITA,CC,22-074,18,14,"1,160",12.9,0,0,0,0,0,0,5,0,0.6,0.6,0.3,0.9,20,45,10,0.00,0.00,0.00,0.00,0.00,0.05,0.02,0.07,0.05,0.07,Partidos,Lazio
Manuel Lazzari,itITA,DF,30-079,15,13,"1,090",12.1,0,2,2,0,0,0,2,1,0.2,0.2,1.0,1.3,55,50,71,0.00,0.17,0.17,0.00,0.17,0.02,0.09,0.10,0.02,0.10,Partidos,Lazio
Ciro Immobile,itITA,DL,33-361,19,13,"1,082",12.0,6,0,6,2,4,4,6,0,6.6,3.4,1.5,5.0,13,25,84,0.50,0.00,0.50,0.17,0.17,0.55,0.13,0.67,0.29,0.41,Partidos,Lazio
Patric,esESP,DF,30-305,12,12,"1,013",11.3,1,0,1,1,0,0,3,0,0.4,0.4,0.0,0.4,2,39,1,0.09,0.00,0.09,0.09,0.09,0.03,0.00,0.04,0.03,0.04,Partidos,Lazio
Mario Gila,esESP,DF,23-171,11,11,941,10.5,0,0,0,0,0,0,2,0,0.2,0.2,0.1,0.3,2,33,0,0.00,0.00,0.00,0.00,0.00,0.02,0.01,0.03,0.02,0.03,Partidos,Lazio
Valentín Castellanos,arARG,DL,25-136,20,9,936,10.4,2,3,5,2,0,0,0,0,4.7,4.7,1.1,5.8,12,28,62,0.19,0.29,0.48,0.19,0.48,0.46,0.10,0.56,0.46,0.56,Partidos,Lazio
Danilo Cataldi,itITA,CC,29-194,16,9,838,9.3,0,0,0,0,0,0,5,0,0.2,0.2,0.4,0.6,6,44,6,0.00,0.00,0.00,0.00,0.00,0.02,0.05,0.07,0.02,0.07,Partidos,Lazio
Nicolò Casale,itITA,DF,26-002,9,8,765,8.5,0,0,0,0,0,0,1,0,0.6,0.6,0.0,0.6,10,34,2,0.00,0.00,0.00,0.00,0.00,0.07,0.00,0.07,0.07,0.07,Partidos,Lazio
Daichi Kamada,jpJPN,CC,27-195,17,8,743,8.3,1,1,2,1,0,0,1,0,1.1,1.1,0.6,1.7,18,38,33,0.12,0.12,0.24,0.12,0.24,0.14,0.07,0.20,0.14,0.20,Partidos,Lazio
Gustav Isaksen,dkDEN,DL,22-303,18,7,667,7.4,1,1,2,1,0,0,3,0,0.8,0.8,0.9,1.7,25,14,60,0.13,0.13,0.27,0.13,0.27,0.11,0.13,0.24,0.11,0.24,Partidos,Lazio
Elseid Hysaj,alALB,DF,29-361,11,6,590,6.6,0,0,0,0,0,0,1,0,0.0,0.0,0.2,0.2,13,26,14,0.00,0.00,0.00,0.00,0.00,0.00,0.02,0.03,0.00,0.03,Partidos,Lazio
Pedro,esESP,DL,36-203,21,4,560,6.2,1,0,1,1,0,0,3,0,1.1,1.1,1.7,2.7,25,21,65,0.16,0.00,0.16,0.16,0.16,0.17,0.27,0.44,0.17,0.44,Partidos,Lazio
Luca Pellegrini,itITA,DF,24-346,13,4,524,5.8,1,0,1,1,0,0,4,0,0.2,0.2,0.0,0.3,16,37,15,0.17,0.00,0.17,0.17,0.17,0.04,0.01,0.04,0.04,0.04,Partidos,Lazio
Matías Vecino,uyURU,CC,32-176,18,1,474,5.3,3,1,4,3,0,0,4,0,1.6,1.6,0.1,1.7,5,27,18,0.57,0.19,0.76,0.57,0.76,0.31,0.02,0.33,0.31,0.33,Partidos,Lazio
Marius Adamonis,ltLTU,PO,26-279,0,0,,,,,,,,,,,,,,,,,,,,,,,,,,,,Partidos,Lazio
Toma Bašić,hrCRO,CC,27-083,0,0,,,,,,,,,,,,,,,,,,,,,,,,,,,,Partidos,Lazio
Saná Fernandes,ptPOR,CC,17-343,0,0,,,,,,,,,,,,,,,,,,,,,,,,,,,,Partidos,Lazio
Alessio Furlanetto,itITA,PO,22-009,0,0,,,,,,,,,,,,,,,,,,,,,,,,,,,,Partidos,Lazio
Diego González,pyPAR,DL,21-040,0,0,,,,,,,,,,,,,,,,,,,,,,,,,,,,Partidos,Lazio
Dimitrije Kamenović,rsSRB,DF,23-215,0,0,,,,,,,,,,,,,,,,,,,,,,,,,,,,Partidos,Lazio
Christos Mandas,grGRE,PO,22-152,0,0,,,,,,,,,,,,,,,,,,,,,,,,,,,,Partidos,Lazio
Luca Napolitano,itITA,CC,20-037,0,0,,,,,,,,,,,,,,,,,,,,,,,,,,,,Partidos,Lazio
Fabio Ruggeri,itITA,DF,19-065,0,0,,,,,,,,,,,,,,,,,,,,,,,,,,,,Partidos,Lazio
Luigi Sepe,itITA,PO,32-284,0,0,,,,,,,,,,,,,,,,,,,,,,,,,,,,Partidos,Lazio
Total del equipo,,,28.8,23,253,"2,070",23.0,26,16,42,22,4,4,60,1,28.0,24.8,17.7,42.5,470,905,902,1.13,0.70,1.83,0.96,1.65,1.22,0.77,1.98,1.08,1.85,,Lazio
Total del oponente,,,27.0,23,253,"2,070",23.0,24,17,41,22,2,2,60,2,23.9,22.4,16.7,39.1,361,682,677,1.04,0.74,1.78,0.96,1.70,1.04,0.73,1.77,0.97,1.70,,Lazio
Kamil Grabara,plPOL,PO,25-039,16,16,"1,440",16.0,0,0,0,0,0,0,2,0,0.00,0.00,0.00,0.00,0.00,Partidos,FC Copenhagen
Kevin Diks,nlNED,DF,27-133,16,16,"1,354",15.0,1,1,2,1,0,0,3,1,0.07,0.07,0.13,0.07,0.13,Partidos,FC Copenhagen
Elias Jelert,dkDEN,DF,20-249,16,15,"1,289",14.3,0,1,1,0,0,0,3,0,0.00,0.07,0.07,0.00,0.07,Partidos,FC Copenhagen
Rasmus Falk,dkDEN,CC,32-032,17,14,"1,310",14.6,2,3,5,2,0,0,2,0,0.14,0.21,0.34,0.14,0.34,Partidos,FC Copenhagen
Roony Bardghji,seSWE,DL,18-093,17,14,933,10.4,7,0,7,7,0,0,1,0,0.68,0.00,0.68,0.68,0.68,Partidos,FC Copenhagen
Denis Vavro,skSVK,DF,27-312,16,13,"1,173",13.0,1,0,1,1,0,0,2,0,0.08,0.00,0.08,0.08,0.08,Partidos,FC Copenhagen
Elias Achouri,tnTUN,DL,25-006,14,11,988,11.0,3,7,10,3,0,0,4,0,0.27,0.64,0.91,0.27,0.91,Partidos,FC Copenhagen
Diogo Gonçalves,ptPOR,CC,27-010,13,11,897,10.0,5,2,7,2,3,3,4,0,0.50,0.20,0.70,0.20,0.40,Partidos,FC Copenhagen
Lukas Lerager,dkDEN,CC,30-219,16,9,885,9.8,2,1,3,2,0,0,1,0,0.20,0.10,0.31,0.20,0.31,Partidos,FC Copenhagen
Mohamed Elyounoussi,noNOR,"DL,CC",29-196,14,9,876,9.7,4,2,6,4,0,0,1,0,0.41,0.21,0.62,0.41,0.62,Partidos,FC Copenhagen
Orri Steinn Óskarsson,isISL,DL,19-171,15,9,840,9.3,3,3,6,3,0,0,0,0,0.32,0.32,0.64,0.32,0.64,Partidos,FC Copenhagen
Viktor Claesson,seSWE,"CC,DL",32-045,13,8,753,8.4,2,0,2,2,0,0,1,0,0.24,0.00,0.24,0.24,0.24,Partidos,FC Copenhagen
Birger Meling,noNOR,DF,29-061,8,7,585,6.5,0,0,0,0,0,0,1,0,0.00,0.00,0.00,0.00,0.00,Partidos,FC Copenhagen
Christian Sørensen,dkDEN,DF,31-194,12,6,620,6.9,0,4,4,0,0,0,2,0,0.00,0.58,0.58,0.00,0.58,Partidos,FC Copenhagen
William Clem,dkDEN,CC,19-241,8,6,509,5.7,0,0,0,0,0,0,0,0,0.00,0.00,0.00,0.00,0.00,Partidos,FC Copenhagen
Jordan Larsson,seSWE,DL,26-241,15,5,559,6.2,2,0,2,2,0,0,3,0,0.32,0.00,0.32,0.32,0.32,Partidos,FC Copenhagen
Peter Ankersen,dkDEN,DF,33-147,9,4,388,4.3,0,0,0,0,0,0,1,0,0.00,0.00,0.00,0.00,0.00,Partidos,FC Copenhagen
Valdemar Jensen,dkDEN,DF,20-264,5,3,385,4.3,1,0,1,1,0,0,1,0,0.23,0.00,0.23,0.23,0.23,Partidos,FC Copenhagen
Andreas Cornelius,dkDEN,DL,30-337,8,3,363,4.0,0,1,1,0,0,0,0,0,0.00,0.25,0.25,0.00,0.25,Partidos,FC Copenhagen
Nicolai Boilesen,dkDEN,DF,32-000,6,3,276,3.1,0,0,0,0,0,0,1,0,0.00,0.00,0.00,0.00,0.00,Partidos,FC Copenhagen
Oscar Højlund,dkDEN,CC,19-043,6,3,238,2.6,0,1,1,0,0,0,0,0,0.00,0.38,0.38,0.00,0.38,Partidos,FC Copenhagen
Theo Sander,dkDEN,PO,19-039,1,1,90,1.0,0,0,0,0,0,0,0,0,0.00,0.00,0.00,0.00,0.00,Partidos,FC Copenhagen
Davit Khocholava,geGEO,DF,31-008,1,1,60,0.7,0,0,0,0,0,0,0,0,0.00,0.00,0.00,0.00,0.00,Partidos,FC Copenhagen
Ísak Jóhannesson,isISL,CC,20-330,2,0,14,0.2,0,0,0,0,0,0,0,0,0.00,0.00,0.00,0.00,0.00,Partidos,FC Copenhagen
Victor Froholdt,dkDEN,CC,17-356,1,0,3,0.0,1,0,1,1,0,0,0,0,30.00,0.00,30.00,30.00,30.00,Partidos,FC Copenhagen
Emil Højlund,dkDEN,DL,19-043,1,0,1,0.0,0,0,0,0,0,0,0,0,0.00,0.00,0.00,0.00,0.00,Partidos,FC Copenhagen
Andreas Dithmer,dkDEN,PO,18-199,0,0,,,,,,,,,,,,,,,,Partidos,FC Copenhagen
Mamoudou Karamoko,frFRA,CC,24-161,0,0,,,,,,,,,,,,,,,,Partidos,FC Copenhagen
Paul Mukairu,ngNGA,CC,24-029,0,0,,,,,,,,,,,,,,,,Partidos,FC Copenhagen
Noah Sahsah,dkDEN,DL,18-223,0,0,,,,,,,,,,,,,,,,Partidos,FC Copenhagen
Mateo Tanlongo,arARG,CC,20-188,0,0,,,,,,,,,,,,,,,,Partidos,FC Copenhagen
Total del equipo,,,26.4,17,187,"1,530",17.0,34,26,60,31,3,3,33,1,2.00,1.53,3.53,1.82,3.35,,FC Copenhagen
Total del oponente,,,26.8,17,187,"1,530",17.0,20,16,36,20,0,0,32,0,1.18,0.94,2.12,1.18,2.12,,FC Copenhagen
William Saliba,frFRA,DF,22-329,24,24,"2,160",24.0,2,1,3,2,0,0,3,0,1.4,1.4,0.2,1.6,11,96,4,0.08,0.04,0.12,0.08,0.12,0.06,0.01,0.07,0.06,0.07,Partidos,Arsenal
Declan Rice,engENG,CC,25-033,24,24,"2,060",22.9,4,4,8,4,0,0,3,0,1.6,1.6,3.3,4.9,45,204,27,0.17,0.17,0.35,0.17,0.35,0.07,0.14,0.22,0.07,0.22,Partidos,Arsenal
Bukayo Saka,engENG,DL,22-164,23,23,"1,984",22.0,10,7,17,7,3,3,2,0,10.2,7.8,7.0,14.8,108,88,373,0.45,0.32,0.77,0.32,0.64,0.46,0.32,0.78,0.35,0.67,Partidos,Arsenal
Martin Ødegaard,noNOR,CC,25-061,21,21,"1,864",20.7,4,5,9,2,2,2,1,0,4.5,2.9,5.6,8.5,59,194,125,0.19,0.24,0.43,0.10,0.34,0.22,0.27,0.49,0.14,0.41,Partidos,Arsenal
Ben White,engENG,DF,26-131,23,21,"1,822",20.2,1,2,3,1,0,0,5,0,0.6,0.6,2.0,2.7,21,113,101,0.05,0.10,0.15,0.05,0.15,0.03,0.10,0.13,0.03,0.13,Partidos,Arsenal
Gabriel Dos Santos,brBRA,DF,26-059,22,20,"1,816",20.2,4,0,4,4,0,0,2,0,2.8,2.8,0.7,3.5,11,82,6,0.20,0.00,0.20,0.20,0.20,0.14,0.03,0.17,0.14,0.17,Partidos,Arsenal
Gabriel Martinelli,brBRA,DL,22-243,22,20,"1,533",17.0,5,2,7,5,0,0,1,0,4.2,4.2,3.6,7.8,98,53,263,0.29,0.12,0.41,0.29,0.41,0.25,0.21,0.46,0.25,0.46,Partidos,Arsenal
David Raya,esESP,PO,28-154,19,19,"1,710",19.0,0,0,0,0,0,0,0,0,0.0,0.0,0.0,0.0,0,2,0,0.00,0.00,0.00,0.00,0.00,0.00,0.00,0.00,0.00,0.00,Partidos,Arsenal
Oleksandr Zinchenko,uaUKR,DF,27-063,21,17,"1,428",15.9,1,2,3,1,0,0,2,0,0.5,0.5,1.8,2.3,35,193,54,0.06,0.13,0.19,0.06,0.19,0.03,0.11,0.14,0.03,0.14,Partidos,Arsenal
Kai Havertz,deGER,"CC,DL",24-250,23,16,"1,441",16.0,4,1,5,3,1,1,6,0,5.3,4.5,1.7,6.2,32,68,92,0.25,0.06,0.31,0.19,0.25,0.33,0.11,0.44,0.28,0.39,Partidos,Arsenal
Gabriel Jesus,brBRA,DL,26-319,17,13,"1,093",12.1,4,3,7,4,0,0,5,0,5.3,5.3,2.6,7.9,28,34,106,0.33,0.25,0.58,0.33,0.58,0.44,0.22,0.65,0.44,0.65,Partidos,Arsenal
Eddie Nketiah,engENG,DL,24-262,22,10,"1,015",11.3,5,2,7,5,0,0,3,0,4.2,4.2,0.7,4.9,21,17,70,0.44,0.18,0.62,0.44,0.62,0.37,0.07,0.44,0.37,0.44,Partidos,Arsenal
Leandro Trossard,beBEL,"DL,CC",29-074,20,8,830,9.2,6,1,7,6,0,0,0,0,4.8,4.8,1.7,6.5,29,51,80,0.65,0.11,0.76,0.65,0.76,0.52,0.18,0.70,0.52,0.70,Partidos,Arsenal
Takehiro Tomiyasu,jpJPN,DF,25-103,13,5,634,7.0,1,1,2,1,0,0,2,1,0.5,0.5,0.2,0.7,11,58,24,0.14,0.14,0.28,0.14,0.28,0.07,0.03,0.11,0.07,0.11,Partidos,Arsenal
Jorginho,itITA,CC,32-058,14,5,495,5.5,0,1,1,0,0,0,1,0,0.1,0.1,0.7,0.8,4,55,4,0.00,0.18,0.18,0.00,0.18,0.02,0.13,0.14,0.02,0.14,Partidos,Arsenal
Aaron Ramsdale,engENG,PO,25-278,5,5,450,5.0,0,0,0,0,0,0,0,0,0.0,0.0,0.0,0.0,0,2,0,0.00,0.00,0.00,0.00,0.00,0.00,0.00,0.00,0.00,0.00,Partidos,Arsenal
Jakub Kiwior,plPOL,DF,24-001,12,5,440,4.9,0,1,1,0,0,0,1,0,0.7,0.7,0.2,0.9,1,25,7,0.00,0.20,0.20,0.00,0.20,0.15,0.03,0.18,0.15,0.18,Partidos,Arsenal
Thomas Partey,ghGHA,"DF,CC",30-248,4,3,251,2.8,0,0,0,0,0,0,0,0,0.1,0.1,0.1,0.2,10,33,4,0.00,0.00,0.00,0.00,0.00,0.03,0.04,0.06,0.03,0.06,Partidos,Arsenal
Fabio Vieira,ptPOR,CC,23-262,8,2,241,2.7,1,2,3,0,1,1,0,1,1.2,0.4,1.1,1.5,9,12,24,0.37,0.75,1.12,0.00,0.75,0.45,0.40,0.84,0.15,0.55,Partidos,Arsenal
Emile Smith Rowe,engENG,CC,23-203,8,2,213,2.4,0,1,1,0,0,0,0,0,1.1,1.1,0.2,1.2,6,14,11,0.00,0.42,0.42,0.00,0.42,0.45,0.08,0.52,0.45,0.52,Partidos,Arsenal
Jurriën Timber,nlNED,DF,22-244,1,1,49,0.5,0,0,0,0,0,0,1,0,0.0,0.0,0.0,0.0,0,7,3,0.00,0.00,0.00,0.00,0.00,0.00,0.00,0.00,0.00,0.00,Partidos,Arsenal
Reiss Nelson,engENG,"DL,CC",24-068,11,0,145,1.6,0,0,0,0,0,0,1,0,0.1,0.1,0.5,0.5,5,2,13,0.00,0.00,0.00,0.00,0.00,0.04,0.29,0.33,0.04,0.33,Partidos,Arsenal
Mohamed Elneny,egEGY,CC,31-220,2,0,26,0.3,0,0,0,0,0,0,0,0,0.1,0.1,0.0,0.1,1,1,0,0.00,0.00,0.00,0.00,0.00,0.28,0.00,0.28,0.28,0.28,Partidos,Arsenal
Ethan Nwaneri,engENG,DL,16-332,1,0,14,0.2,0,0,0,0,0,0,0,0,0.0,0.0,0.0,0.0,2,2,1,0.00,0.00,0.00,0.00,0.00,0.00,0.15,0.15,0.00,0.15,Partidos,Arsenal
Cédric Soares,ptPOR,DF,32-169,1,0,14,0.2,0,0,0,0,0,0,0,0,0.0,0.0,0.0,0.0,0,1,2,0.00,0.00,0.00,0.00,0.00,0.00,0.00,0.00,0.00,0.00,Partidos,Arsenal
Mauro Bandeira,ptPOR,CC,20-090,0,0,,,,,,,,,,,,,,,,,,,,,,,,,,,,Partidos,Arsenal
Bradley Ibrahim,engENG,CC,19-118,0,0,,,,,,,,,,,,,,,,,,,,,,,,,,,,Partidos,Arsenal
Karl Jakob Hein,eeEST,PO,21-309,0,0,,,,,,,,,,,,,,,,,,,,,,,,,,,,Partidos,Arsenal
Myles Lewis-Skelly,engENG,CC,17-143,0,0,,,,,,,,,,,,,,,,,,,,,,,,,,,,Partidos,Arsenal
Charles Sagoe Jr,engENG,DL,19-207,0,0,,,,,,,,,,,,,,,,,,,,,,,,,,,,Partidos,Arsenal
Reuell Walters,engENG,DF,19-062,0,0,,,,,,,,,,,,,,,,,,,,,,,,,,,,Partidos,Arsenal
Total del equipo,,,25.4,24,264,"2,160",24.0,52,36,88,45,7,7,39,2,47.9,42.6,33.5,76.1,547,1407,1394,2.17,1.50,3.67,1.87,3.38,1.99,1.39,3.39,1.78,3.17,,Arsenal
Total del oponente,,,27.2,24,264,"2,160",24.0,21,17,38,20,1,2,59,2,17.7,16.2,13.0,29.2,308,540,528,0.87,0.71,1.58,0.83,1.54,0.74,0.54,1.28,0.68,1.22,,Arsenal
Diogo Costa,ptPOR,PO,24-150,21,21,"1,890",21.0,0,0,0,0,0,0,0,0,0.0,0.0,0.0,0.0,0,1,0,0.00,0.00,0.00,0.00,0.00,0.00,0.00,0.00,0.00,0.00,Partidos,Porto
Pepê,brBRA,"CC,DF",26-357,21,19,"1,721",19.1,0,4,4,0,0,0,3,0,2.3,2.3,2.6,4.9,50,109,126,0.00,0.21,0.21,0.00,0.21,0.12,0.14,0.26,0.12,0.26,Partidos,Porto
João Mário Lopes,ptPOR,DF,24-044,18,18,"1,451",16.1,1,1,2,1,0,0,2,0,1.0,1.0,1.3,2.2,71,77,126,0.06,0.06,0.12,0.06,0.12,0.06,0.08,0.14,0.06,0.14,Partidos,Porto
Alan Varela,arARG,CC,22-227,17,16,"1,232",13.7,2,2,4,2,0,0,5,0,1.3,1.3,0.9,2.2,15,82,8,0.15,0.15,0.29,0.15,0.29,0.09,0.07,0.16,0.09,0.16,Partidos,Porto
Stephen Eustáquio,caCAN,CC,27-057,20,15,"1,364",15.2,2,2,4,2,0,0,2,0,1.5,1.5,2.6,4.1,10,103,40,0.13,0.13,0.26,0.13,0.26,0.10,0.17,0.27,0.10,0.27,Partidos,Porto
Galeno,brBRA,"CC,DL",26-117,19,14,"1,336",14.8,2,3,5,1,1,2,3,0,4.6,3.0,2.2,5.2,61,37,151,0.13,0.20,0.34,0.07,0.27,0.31,0.15,0.46,0.20,0.35,Partidos,Porto
Pepe,ptPOR,DF,40-355,14,14,"1,182",13.1,1,1,2,1,0,0,3,1,1.4,1.4,0.3,1.8,9,73,3,0.08,0.08,0.15,0.08,0.15,0.11,0.03,0.13,0.11,0.13,Partidos,Porto
Evanilson,brBRA,DL,24-133,16,14,"1,119",12.4,9,2,11,7,2,2,3,0,5.8,4.2,2.6,6.7,23,33,87,0.72,0.16,0.88,0.56,0.72,0.47,0.21,0.68,0.33,0.54,Partidos,Porto
Mehdi Taremi,irIRN,"DL,CC",31-213,16,13,"1,185",13.2,3,1,4,2,1,2,3,0,3.6,2.0,1.6,3.6,20,36,78,0.23,0.08,0.30,0.15,0.23,0.27,0.12,0.39,0.15,0.27,Partidos,Porto
Fábio Cardoso,ptPOR,DF,29-303,17,13,"1,160",12.9,1,1,2,1,0,0,5,2,1.2,1.2,0.5,1.6,22,96,4,0.08,0.08,0.16,0.08,0.16,0.09,0.04,0.13,0.09,0.13,Partidos,Porto
Wendell,brBRA,DF,30-211,14,12,"1,145",12.7,3,1,4,3,0,0,7,1,1.2,1.2,1.0,2.2,38,67,84,0.24,0.08,0.31,0.24,0.31,0.09,0.08,0.17,0.09,0.17,Partidos,Porto
Francisco Conceição,ptPOR,"DL,CC",21-064,14,8,789,8.8,3,3,6,3,0,0,8,0,2.8,2.8,2.4,5.1,52,36,104,0.34,0.34,0.68,0.34,0.68,0.32,0.27,0.59,0.32,0.59,Partidos,Porto
Nicolás González,esESP,CC,22-044,12,8,704,7.8,0,0,0,0,0,0,5,0,1.0,1.0,0.7,1.7,11,60,21,0.00,0.00,0.00,0.00,0.00,0.13,0.09,0.22,0.13,0.22,Partidos,Porto
David Carmo,ptPOR,DF,24-212,7,7,608,6.8,0,0,0,0,0,0,6,1,0.7,0.7,0.1,0.8,4,31,4,0.00,0.00,0.00,0.00,0.00,0.11,0.01,0.12,0.11,0.12,Partidos,Porto
Toni Martínez,esESP,DL,26-231,15,5,488,5.4,3,0,3,3,0,0,3,0,2.0,2.0,0.6,2.6,4,3,35,0.55,0.00,0.55,0.55,0.55,0.38,0.11,0.49,0.38,0.49,Partidos,Porto
André Franco,ptPOR,"CC,DL",25-310,13,5,430,4.8,0,1,1,0,0,0,1,0,0.7,0.7,1.8,2.5,8,31,27,0.00,0.21,0.21,0.00,0.21,0.14,0.38,0.52,0.14,0.52,Partidos,Porto
Iván Marcano,esESP,DF,36-238,5,5,367,4.1,2,0,2,2,0,0,1,0,1.3,1.3,0.1,1.4,6,45,0,0.49,0.00,0.49,0.49,0.49,0.32,0.03,0.35,0.32,0.35,Partidos,Porto
Zé Pedro Figueiredo,ptPOR,DF,26-255,6,4,433,4.8,1,0,1,1,0,0,1,0,0.7,0.7,0.0,0.7,5,37,5,0.21,0.00,0.21,0.21,0.21,0.14,0.00,0.14,0.14,0.14,Partidos,Porto
Jorge Eduardo Sánchez,mxMEX,DF,26-068,7,4,360,4.0,0,0,0,0,0,0,3,0,0.5,0.5,0.2,0.7,7,25,23,0.00,0.00,0.00,0.00,0.00,0.13,0.04,0.17,0.13,0.17,Partidos,Porto
Zaidu Sanusi,ngNGA,DF,26-248,4,4,254,2.8,1,0,1,1,0,0,0,0,0.2,0.2,0.2,0.4,6,5,16,0.35,0.00,0.35,0.35,0.35,0.08,0.06,0.13,0.08,0.13,Partidos,Porto
Ivan Jaime Pajuelo,esESP,CC,23-143,13,3,352,3.9,1,0,1,1,0,0,0,0,0.6,0.6,0.5,1.1,7,19,22,0.26,0.00,0.26,0.26,0.26,0.14,0.14,0.28,0.14,0.28,Partidos,Porto
Marko Grujić,rsSRB,CC,27-309,6,2,198,2.2,0,1,1,0,0,0,1,0,0.1,0.1,0.7,0.8,3,31,3,0.00,0.45,0.45,0.00,0.45,0.04,0.32,0.35,0.04,0.35,Partidos,Porto
João Miguel,ptPOR,DF,23-309,4,2,194,2.2,0,1,1,0,0,0,0,0,0.1,0.1,0.5,0.5,8,11,15,0.00,0.46,0.46,0.00,0.46,0.03,0.21,0.24,0.03,0.24,Partidos,Porto
Romário Baró,ptPOR,"CC,DL",24-022,6,2,135,1.5,0,0,0,0,0,0,0,0,0.2,0.2,0.2,0.3,2,7,13,0.00,0.00,0.00,0.00,0.00,0.11,0.11,0.22,0.11,0.22,Partidos,Porto
Gonçalo Borges,ptPOR,"CC,DL",22-324,12,1,250,2.8,0,2,2,0,0,0,2,0,0.2,0.2,1.9,2.1,26,9,54,0.00,0.72,0.72,0.00,0.72,0.08,0.67,0.76,0.08,0.76,Partidos,Porto
Fran Navarro,esESP,"DL,CC",26-013,6,1,174,1.9,0,0,0,0,0,0,0,0,1.2,1.2,0.2,1.4,1,3,6,0.00,0.00,0.00,0.00,0.00,0.62,0.13,0.75,0.62,0.75,Partidos,Porto
Otávio,ptPOR,"CC,DL",29-007,1,1,90,1.0,0,0,0,0,0,0,1,0,0.0,0.0,0.1,0.1,1,4,3,0.00,0.00,0.00,0.00,0.00,0.03,0.10,0.13,0.03,0.13,Partidos,Porto
Danny Loader,engENG,"DL,DF",23-172,6,0,57,0.6,0,0,0,0,0,0,1,0,0.2,0.2,0.0,0.2,3,3,8,0.00,0.00,0.00,0.00,0.00,0.24,0.00,0.24,0.24,0.24,Partidos,Porto
Otavio Ataide,brBRA,DF,21-301,0,0,,,,,,,,,,,,,,,,,,,,,,,,,,,,Partidos,Porto
Bernardo Folha,ptPOR,CC,21-330,0,0,,,,,,,,,,,,,,,,,,,,,,,,,,,,Partidos,Porto
Samuel Portugal,brBRA,PO,29-324,0,0,,,,,,,,,,,,,,,,,,,,,,,,,,,,Partidos,Porto
Cláudio Ramos,ptPOR,PO,32-092,0,0,,,,,,,,,,,,,,,,,,,,,,,,,,,,Partidos,Porto
Total del equipo,,,27.0,21,231,"1,890",21.0,35,26,61,31,4,6,69,5,35.8,31.1,25.6,56.7,473,1074,1066,1.67,1.24,2.90,1.48,2.71,1.71,1.22,2.92,1.48,2.70,,Porto
Total del oponente,,,27.0,21,231,"1,890",21.0,16,8,24,12,4,6,78,3,20.0,15.7,12.1,27.7,248,438,433,0.76,0.38,1.14,0.57,0.95,0.95,0.57,1.52,0.75,1.32,,Porto
İlkay Gündoğan,deGER,CC,33-115,24,22,"1,984",22.0,5,6,11,4,1,1,2,0,4.8,4.1,7.8,11.8,55,135,89,0.23,0.27,0.50,0.18,0.45,0.22,0.35,0.57,0.18,0.54,Partidos,Barcelona
Robert Lewandowski,plPOL,DL,35-179,22,20,"1,767",19.6,10,5,15,8,2,2,4,0,13.7,12.1,2.9,15.0,26,41,117,0.51,0.25,0.76,0.41,0.66,0.70,0.15,0.85,0.62,0.77,Partidos,Barcelona
Jules Koundé,frFRA,DF,25-096,21,19,"1,700",18.9,1,1,2,1,0,0,0,0,1.6,1.6,1.0,2.6,36,132,34,0.05,0.05,0.11,0.05,0.11,0.09,0.06,0.14,0.09,0.14,Partidos,Barcelona
João Cancelo,ptPOR,DF,29-265,20,18,"1,520",16.9,2,3,5,2,0,0,4,0,1.1,1.1,4.7,5.8,70,93,99,0.12,0.18,0.30,0.12,0.30,0.07,0.28,0.34,0.07,0.34,Partidos,Barcelona
Andreas Christensen,dkDEN,"DF,CC",27-312,18,17,"1,281",14.2,0,1,1,0,0,0,2,0,0.4,0.4,0.6,1.0,16,83,3,0.00,0.07,0.07,0.00,0.07,0.03,0.04,0.07,0.03,0.07,Partidos,Barcelona
Frenkie de Jong,nlNED,CC,26-280,16,16,"1,385",15.4,1,0,1,1,0,0,6,0,0.6,0.6,1.8,2.4,59,148,32,0.06,0.00,0.06,0.06,0.06,0.04,0.12,0.16,0.04,0.16,Partidos,Barcelona
Alejandro Balde,esESP,DF,20-121,18,15,"1,378",15.3,0,1,1,0,0,0,1,0,0.1,0.1,1.2,1.4,73,41,141,0.00,0.07,0.07,0.00,0.07,0.01,0.08,0.09,0.01,0.09,Partidos,Barcelona
Ronald Araújo,uyURU,DF,24-346,17,14,"1,383",15.4,1,0,1,1,0,0,4,0,1.0,1.0,0.7,1.7,20,83,9,0.07,0.00,0.07,0.07,0.07,0.07,0.05,0.11,0.07,0.11,Partidos,Barcelona
Marc-André ter Stegen,deGER,PO,31-292,14,14,"1,260",14.0,0,0,0,0,0,0,1,0,0.0,0.0,0.0,0.0,0,1,0,0.00,0.00,0.00,0.00,0.00,0.00,0.00,0.00,0.00,0.00,Partidos,Barcelona
João Félix,ptPOR,DL,24-098,18,14,"1,068",11.9,4,2,6,4,0,0,3,0,5.4,5.4,2.6,8.0,52,52,127,0.34,0.17,0.51,0.34,0.51,0.46,0.22,0.68,0.46,0.68,Partidos,Barcelona
Lamine Yamal,esESP,DL,16-218,24,12,"1,252",13.9,3,2,5,3,0,0,2,0,4.0,4.0,4.2,8.3,70,46,166,0.22,0.14,0.36,0.22,0.36,0.29,0.30,0.59,0.29,0.59,Partidos,Barcelona
Pedri,esESP,"CC,DL",21-083,13,11,965,10.7,2,2,4,2,0,0,3,0,2.1,2.1,3.7,5.9,32,85,48,0.19,0.19,0.37,0.19,0.37,0.20,0.35,0.55,0.20,0.55,Partidos,Barcelona
Gavi,esESP,"CC,DL",19-195,12,10,944,10.5,1,1,2,1,0,0,5,0,0.9,0.9,1.1,2.0,26,39,38,0.10,0.10,0.19,0.10,0.19,0.09,0.10,0.19,0.09,0.19,Partidos,Barcelona
Ferrán Torres,esESP,DL,23-352,21,10,936,10.4,7,2,9,7,0,0,2,0,5.2,5.2,2.2,7.4,24,34,89,0.67,0.19,0.87,0.67,0.87,0.50,0.21,0.71,0.50,0.71,Partidos,Barcelona
Iñaki Peña,esESP,PO,24-351,10,10,900,10.0,0,0,0,0,0,0,0,0,0.0,0.0,0.0,0.0,0,0,0,0.00,0.00,0.00,0.00,0.00,0.00,0.00,0.00,0.00,0.00,Partidos,Barcelona
Oriol Romeu,esESP,CC,32-145,17,10,722,8.0,0,1,1,0,0,0,4,0,0.6,0.6,0.8,1.5,7,56,3,0.00,0.12,0.12,0.00,0.12,0.08,0.10,0.18,0.08,0.18,Partidos,Barcelona
Raphinha,brBRA,"DL,CC",27-064,16,8,686,7.6,3,5,8,3,0,0,2,1,4.3,4.3,4.0,8.3,28,36,106,0.39,0.66,1.05,0.39,1.05,0.56,0.53,1.09,0.56,1.09,Partidos,Barcelona
Iñigo Martínez,esESP,DF,32-275,10,7,642,7.1,0,0,0,0,0,0,2,0,0.2,0.2,0.0,0.2,14,35,2,0.00,0.00,0.00,0.00,0.00,0.03,0.00,0.03,0.03,0.03,Partidos,Barcelona
Fermin López,esESP,"CC,DL",20-281,17,6,637,7.1,1,0,1,1,0,0,2,0,2.7,2.7,0.4,3.1,12,32,32,0.14,0.00,0.14,0.14,0.14,0.38,0.06,0.44,0.38,0.44,Partidos,Barcelona
Pau Cubarsí,esESP,DF,17-025,5,4,387,4.3,0,0,0,0,0,0,0,0,0.0,0.0,0.0,0.0,5,20,0,0.00,0.00,0.00,0.00,0.00,0.00,0.00,0.00,0.00,0.00,Partidos,Barcelona
Sergi Roberto,esESP,"CC,DF",32-009,6,4,357,4.0,3,1,4,3,0,0,1,0,1.5,1.5,0.3,1.8,6,16,19,0.76,0.25,1.01,0.76,1.01,0.39,0.07,0.46,0.39,0.46,Partidos,Barcelona
Marcos Alonso,esESP,DF,33-050,4,2,162,1.8,0,0,0,0,0,0,0,0,0.1,0.1,0.5,0.6,8,9,26,0.00,0.00,0.00,0.00,0.00,0.05,0.27,0.32,0.05,0.32,Partidos,Barcelona
Héctor Fort,esESP,DF,17-198,2,1,90,1.0,0,1,1,0,0,0,0,0,0.0,0.0,0.2,0.2,1,0,12,0.00,1.00,1.00,0.00,1.00,0.00,0.22,0.22,0.00,0.22,Partidos,Barcelona
Vitor Roque,brBRA,"DL,CC",18-353,5,0,97,1.1,2,0,2,2,0,0,3,1,2.2,2.2,0.0,2.2,1,0,6,1.86,0.00,1.86,1.86,1.86,2.02,0.00,2.02,2.02,2.02,Partidos,Barcelona
Abdessamad Ezzalzouli,maMAR,"DL,CC",22-061,2,0,68,0.8,0,0,0,0,0,0,0,0,0.2,0.2,0.1,0.3,7,1,12,0.00,0.00,0.00,0.00,0.00,0.28,0.09,0.37,0.28,0.37,Partidos,Barcelona
Eric García,esESP,DF,23-038,2,0,57,0.6,0,0,0,0,0,0,1,0,0.0,0.0,0.0,0.0,0,5,0,0.00,0.00,0.00,0.00,0.00,0.07,0.00,0.07,0.07,0.07,Partidos,Barcelona
Ansu Fati,esESP,"CC,DL",21-108,3,0,50,0.6,0,0,0,0,0,0,0,0,0.7,0.7,0.0,0.7,6,4,5,0.00,0.00,0.00,0.00,0.00,1.34,0.00,1.34,1.34,1.34,Partidos,Barcelona
Marc Guiu,esESP,"CC,DL",18-043,2,0,14,0.2,1,0,1,1,0,0,1,0,0.7,0.7,0.0,0.7,1,0,1,6.43,0.00,6.43,6.43,6.43,4.26,0.00,4.26,4.26,4.26,Partidos,Barcelona
Ander Astralaga,esESP,PO,19-350,0,0,,,,,,,,,,,,,,,,,,,,,,,,,,,,Partidos,Barcelona
Marc Casado,esESP,CC,20-155,0,0,,,,,,,,,,,,,,,,,,,,,,,,,,,,Partidos,Barcelona
Aleix Garrido,esESP,CC,19-359,0,0,,,,,,,,,,,,,,,,,,,,,,,,,,,,Partidos,Barcelona
Unai Hernandez,esESP,CC,19-064,0,0,,,,,,,,,,,,,,,,,,,,,,,,,,,,Partidos,Barcelona
Diego Kochen,usUSA,PO,17-334,0,0,,,,,,,,,,,,,,,,,,,,,,,,,,,,Partidos,Barcelona
Pau Prim,esESP,CC,17-359,0,0,,,,,,,,,,,,,,,,,,,,,,,,,,,,Partidos,Barcelona
Pau Victor Delgado,esESP,DL,22-082,0,0,,,,,,,,,,,,,,,,,,,,,,,,,,,,Partidos,Barcelona
Áron Yaakobishvili,huHUN,PO,17-347,0,0,,,,,,,,,,,,,,,,,,,,,,,,,,,,Partidos,Barcelona
Total del equipo,,,26.6,24,264,"2,160",24.0,47,34,81,44,3,3,55,2,53.6,51.4,40.7,92.1,655,1227,1216,1.96,1.42,3.38,1.83,3.25,2.24,1.70,3.93,2.14,3.84,,Barcelona
Total del oponente,,,27.5,24,264,"2,160",24.0,33,27,60,33,0,0,71,5,26.9,26.9,20.5,47.4,287,629,621,1.37,1.13,2.50,1.37,2.50,1.12,0.86,1.97,1.12,1.97,,Barcelona
Giovanni Di Lorenzo,itITA,DF,30-196,23,23,"2,070",23.0,1,4,5,1,0,0,4,0,1.9,1.9,3.7,5.5,53,181,154,0.04,0.17,0.22,0.04,0.22,0.08,0.16,0.24,0.08,0.24,Partidos,Napoli
Stanislav Lobotka,skSVK,CC,29-083,23,23,"1,944",21.6,0,1,1,0,0,0,3,0,0.2,0.2,0.7,0.9,19,107,20,0.00,0.05,0.05,0.00,0.05,0.01,0.03,0.04,0.01,0.04,Partidos,Napoli
Khvicha Kvaratskhelia,geGEO,DL,23-004,21,19,"1,649",18.3,6,3,9,6,0,0,5,0,7.7,7.6,3.7,11.3,118,52,152,0.33,0.16,0.49,0.33,0.49,0.42,0.20,0.62,0.42,0.62,Partidos,Napoli
Amir Rrahmani,xkKVX,DF,29-357,18,18,"1,575",17.5,1,0,1,1,0,0,3,0,1.5,1.5,0.6,2.0,11,74,2,0.06,0.00,0.06,0.06,0.06,0.08,0.03,0.12,0.08,0.12,Partidos,Napoli
Piotr Zieliński,plPOL,CC,29-272,20,18,"1,460",16.2,2,2,4,1,1,1,1,0,1.9,1.2,3.1,4.2,30,103,63,0.12,0.12,0.25,0.06,0.18,0.12,0.19,0.31,0.07,0.26,Partidos,Napoli
Matteo Politano,itITA,DL,30-197,22,18,"1,416",15.7,6,3,9,4,2,2,2,1,4.5,3.0,3.5,6.5,73,101,136,0.38,0.19,0.57,0.25,0.44,0.29,0.22,0.51,0.19,0.41,Partidos,Napoli
Andre-Frank Zambo Anguissa,cmCMR,CC,28-092,19,17,"1,470",16.3,0,0,0,0,0,0,1,0,1.7,1.7,1.2,2.9,25,75,61,0.00,0.00,0.00,0.00,0.00,0.11,0.07,0.18,0.11,0.18,Partidos,Napoli
Alex Meret,itITA,PO,26-331,16,16,"1,423",15.8,0,0,0,0,0,0,0,0,0.0,0.0,0.0,0.0,0,0,0,0.00,0.00,0.00,0.00,0.00,0.00,0.00,0.00,0.00,0.00,Partidos,Napoli
Juan Jesus,brBRA,DF,32-251,14,13,"1,216",13.5,0,0,0,0,0,0,5,0,0.4,0.4,0.2,0.6,3,43,2,0.00,0.00,0.00,0.00,0.00,0.03,0.02,0.05,0.03,0.05,Partidos,Napoli
Giacomo Raspadori,itITA,"DL,CC",23-363,23,11,"1,152",12.8,3,2,5,3,0,1,0,0,4.0,3.2,2.5,5.7,18,40,95,0.23,0.16,0.39,0.23,0.39,0.31,0.20,0.51,0.25,0.45,Partidos,Napoli
Victor Osimhen,ngNGA,DL,25-049,13,11,991,11.0,7,2,9,5,2,3,4,1,6.7,4.3,1.7,6.0,19,14,69,0.64,0.18,0.82,0.45,0.64,0.61,0.16,0.76,0.39,0.55,Partidos,Napoli
Leo Skiri Østigård,noNOR,DF,24-080,14,10,915,10.2,1,0,1,1,0,0,2,0,0.4,0.4,0.1,0.5,8,35,2,0.10,0.00,0.10,0.10,0.10,0.04,0.01,0.05,0.04,0.05,Partidos,Napoli
Natan,brBRA,DF,23-010,11,10,833,9.3,0,0,0,0,0,0,3,1,0.3,0.3,0.1,0.4,13,31,9,0.00,0.00,0.00,0.00,0.00,0.03,0.01,0.05,0.03,0.05,Partidos,Napoli
Mário Rui,ptPOR,DF,32-265,15,10,830,9.2,0,1,1,0,0,0,5,0,0.1,0.1,1.0,1.2,22,67,46,0.00,0.11,0.11,0.00,0.11,0.02,0.11,0.13,0.02,0.13,Partidos,Napoli
Mathías Olivera,uyURU,DF,26-108,12,9,759,8.4,0,1,1,0,0,0,2,0,0.2,0.2,0.5,0.7,9,30,51,0.00,0.12,0.12,0.00,0.12,0.03,0.06,0.08,0.03,0.08,Partidos,Napoli
Pierluigi Gollini,itITA,PO,28-335,7,7,630,7.0,0,0,0,0,0,0,0,0,0.0,0.0,0.0,0.0,0,0,0,0.00,0.00,0.00,0.00,0.00,0.00,0.00,0.00,0.00,0.00,Partidos,Napoli
Jens Cajuste,seSWE,CC,24-190,17,6,582,6.5,0,1,1,0,0,0,5,0,1.0,1.0,0.2,1.2,11,21,30,0.00,0.15,0.15,0.00,0.15,0.15,0.04,0.19,0.15,0.19,Partidos,Napoli
Giovanni Simeone,arARG,DL,28-226,17,5,531,5.9,1,0,1,1,0,0,3,0,2.8,2.8,0.3,3.1,4,8,45,0.17,0.00,0.17,0.17,0.17,0.47,0.06,0.53,0.47,0.53,Partidos,Napoli
Elif Elmas,mkMKD,"DL,CC",24-145,11,4,339,3.8,2,0,2,2,0,0,2,0,0.5,0.5,0.2,0.7,14,16,26,0.53,0.00,0.53,0.53,0.53,0.13,0.06,0.19,0.13,0.19,Partidos,Napoli
Jesper Lindstrøm,dkDEN,"DL,CC",23-352,14,1,274,3.0,0,0,0,0,0,0,2,0,0.6,0.6,0.9,1.5,14,10,21,0.00,0.00,0.00,0.00,0.00,0.18,0.30,0.48,0.18,0.48,Partidos,Napoli
Gianluca Gaetano,itITA,CC,23-287,9,1,161,1.8,1,0,1,1,0,0,1,0,0.6,0.6,0.5,1.1,6,6,5,0.56,0.00,0.56,0.56,0.56,0.35,0.27,0.62,0.35,0.62,Partidos,Napoli
Alessio Zerbin,itITA,"DL,DF",24-350,7,1,150,1.7,0,0,0,0,0,0,0,0,0.2,0.2,0.6,0.9,6,3,18,0.00,0.00,0.00,0.00,0.00,0.15,0.37,0.52,0.15,0.52,Partidos,Napoli
Pasquale Mazzocchi,itITA,DF,28-204,4,1,129,1.4,0,1,1,0,0,0,0,1,0.1,0.1,0.0,0.1,6,5,9,0.00,0.70,0.70,0.00,0.70,0.06,0.03,0.10,0.06,0.10,Partidos,Napoli
Diego Demme,deGER,CC,32-087,2,1,73,0.8,0,0,0,0,0,0,1,0,0.0,0.0,0.0,0.0,3,5,0,0.00,0.00,0.00,0.00,0.00,0.00,0.00,0.00,0.00,0.00,Partidos,Napoli
Alessandro Zanoli,itITA,"DF,DL",23-136,4,0,52,0.6,0,0,0,0,0,0,1,0,0.0,0.0,0.0,0.0,2,4,3,0.00,0.00,0.00,0.00,0.00,0.00,0.00,0.00,0.00,0.00,Partidos,Napoli
Cyril Ngonge,beBEL,"DL,DF",23-266,3,0,43,0.5,0,0,0,0,0,0,0,0,0.2,0.2,0.0,0.2,0,0,5,0.00,0.00,0.00,0.00,0.00,0.45,0.00,0.45,0.45,0.45,Partidos,Napoli
Nikita Contini Baranovsky,itITA,PO,27-271,1,0,17,0.2,0,0,0,0,0,0,0,0,0.0,0.0,0.0,0.0,0,0,0,0.00,0.00,0.00,0.00,0.00,0.00,0.00,0.00,0.00,0.00,Partidos,Napoli
Leander Dendoncker,beBEL,CC,28-307,2,0,13,0.1,0,0,0,0,0,0,0,0,0.0,0.0,0.0,0.0,0,1,0,0.00,0.00,0.00,0.00,0.00,0.00,0.00,0.00,0.00,0.00,Partidos,Napoli
Luigi D'Avino,itITA,DF,18-070,0,0,,,,,,,,,,,,,,,,,,,,,,,,,,,,Partidos,Napoli
Francesco Gioielli,itITA,CC,19-355,0,0,,,,,,,,,,,,,,,,,,,,,,,,,,,,Partidos,Napoli
Hubert Idasiak,plPOL,PO,22-013,0,0,,,,,,,,,,,,,,,,,,,,,,,,,,,,Partidos,Napoli
Hamed Junior Traorè,ciCIV,"DL,CC",24-000,0,0,,,,,,,,,,,,,,,,,,,,,,,,,,,,Partidos,Napoli
Hirving Lozano,mxMEX,"DL,CC",28-201,0,0,,,,,,,,,,,,,,,,,,,,,,,,,,,,Partidos,Napoli
Lorenzo Russo,itITA,CC,18-303,0,0,,,,,,,,,,,,,,,,,,,,,,,,,,,,Partidos,Napoli
Karim Zedadka,frFRA,DF,23-252,0,0,,,,,,,,,,,,,,,,,,,,,,,,,,,,Partidos,Napoli
Total del equipo,,,27.8,23,253,"2,070",23.0,31,21,52,26,5,7,55,4,36.6,31.0,25.2,56.3,487,1032,1024,1.35,0.91,2.26,1.13,2.04,1.59,1.10,2.69,1.35,2.45,,Napoli
Total del oponente,,,27.3,23,253,"2,070",23.0,27,23,50,26,1,2,58,2,23.6,22.2,19.1,41.3,356,681,675,1.17,1.00,2.17,1.13,2.13,1.03,0.83,1.86,0.97,1.80,,Napoli
Federico Valverde,uyURU,CC,25-209,24,22,"1,935",21.5,1,3,4,1,0,0,1,0,2.3,2.3,3.4,5.8,78,163,70,0.05,0.14,0.19,0.05,0.19,0.11,0.16,0.27,0.11,0.27,Partidos,Real Madrid
Jude Bellingham,engENG,"CC,DL",20-232,21,21,"1,778",19.8,16,3,19,15,1,1,5,0,10.1,9.3,3.6,12.9,67,148,134,0.81,0.15,0.96,0.76,0.91,0.51,0.18,0.69,0.47,0.65,Partidos,Real Madrid
Antonio Rüdiger,deGER,DF,30-350,21,20,"1,796",20.0,1,0,1,1,0,0,7,0,0.9,0.9,0.7,1.6,15,55,1,0.05,0.00,0.05,0.05,0.05,0.05,0.04,0.08,0.05,0.08,Partidos,Real Madrid
Rodrygo,brBRA,DL,23-038,24,20,"1,689",18.8,8,4,12,8,0,1,2,0,9.0,8.2,2.2,10.5,117,58,226,0.43,0.21,0.64,0.43,0.64,0.48,0.12,0.60,0.44,0.56,Partidos,Real Madrid
Dani Carvajal,esESP,DF,32-036,19,18,"1,539",17.1,3,2,5,3,0,0,2,0,0.9,0.9,2.1,3.1,25,65,126,0.18,0.12,0.29,0.18,0.29,0.05,0.13,0.18,0.05,0.18,Partidos,Real Madrid
Toni Kroos,deGER,CC,34-043,23,17,"1,539",17.1,1,7,8,1,0,0,2,0,1.3,1.3,3.9,5.1,19,204,20,0.06,0.41,0.47,0.06,0.47,0.07,0.23,0.30,0.07,0.30,Partidos,Real Madrid
Aurélien Tchouaméni,frFRA,"CC,DF",24-020,18,14,"1,259",14.0,2,1,3,2,0,0,5,0,0.9,0.9,0.5,1.5,16,90,12,0.14,0.07,0.21,0.14,0.21,0.07,0.04,0.11,0.07,0.11,Partidos,Real Madrid
David Alaba,atAUT,DF,31-237,14,14,"1,154",12.8,0,1,1,0,0,0,2,0,1.0,1.0,0.7,1.6,9,51,13,0.00,0.08,0.08,0.00,0.08,0.08,0.05,0.13,0.08,0.13,Partidos,Real Madrid
Vinicius Júnior,brBRA,DL,23-219,15,14,"1,092",12.1,7,4,11,7,0,0,2,0,5.4,5.4,2.4,7.9,72,37,159,0.58,0.33,0.91,0.58,0.91,0.45,0.20,0.65,0.45,0.65,Partidos,Real Madrid
Ferland Mendy,frFRA,DF,28-253,15,13,"1,025",11.4,0,0,0,0,0,0,5,0,0.1,0.1,0.4,0.5,14,46,57,0.00,0.00,0.00,0.00,0.00,0.01,0.03,0.04,0.01,0.04,Partidos,Real Madrid
Kepa Arrizabalaga,esESP,PO,29-136,12,12,"1,080",12.0,0,0,0,0,0,0,1,0,0.0,0.0,0.0,0.0,0,0,0,0.00,0.00,0.00,0.00,0.00,0.00,0.00,0.00,0.00,0.00,Partidos,Real Madrid
Andriy Lunin,uaUKR,PO,25-005,12,12,"1,080",12.0,0,0,0,0,0,0,1,0,0.0,0.0,0.0,0.0,0,0,0,0.00,0.00,0.00,0.00,0.00,0.00,0.00,0.00,0.00,0.00,Partidos,Real Madrid
Eduardo Camavinga,frFRA,"CC,DF",21-098,18,12,"1,063",11.8,0,1,1,0,0,0,4,0,0.3,0.3,0.7,1.0,39,63,20,0.00,0.08,0.08,0.00,0.08,0.03,0.06,0.09,0.03,0.09,Partidos,Real Madrid
Luka Modrić,hrCRO,CC,38-160,19,10,932,10.4,1,4,5,1,0,0,1,0,0.8,0.8,3.2,4.0,25,107,54,0.10,0.39,0.48,0.10,0.48,0.07,0.31,0.38,0.07,0.38,Partidos,Real Madrid
Fran Garcia,esESP,DF,24-186,17,10,918,10.2,0,4,4,0,0,0,1,0,0.3,0.3,2.0,2.3,36,47,87,0.00,0.39,0.39,0.00,0.39,0.03,0.20,0.23,0.03,0.23,Partidos,Real Madrid
Joselu,esESP,DL,33-326,24,9,"1,083",12.0,7,2,9,7,0,2,0,0,8.2,6.6,1.5,8.1,13,14,75,0.58,0.17,0.75,0.58,0.75,0.68,0.13,0.81,0.55,0.67,Partidos,Real Madrid
Nacho,esESP,DF,34-029,16,9,904,10.0,0,0,0,0,0,0,1,2,0.3,0.3,0.4,0.6,6,27,7,0.00,0.00,0.00,0.00,0.00,0.02,0.04,0.06,0.02,0.06,Partidos,Real Madrid
Brahim Díaz,esESP,"CC,DL",24-197,19,8,749,8.3,4,1,5,4,0,0,0,0,3.2,3.2,2.0,5.2,42,36,89,0.48,0.12,0.60,0.48,0.60,0.38,0.25,0.62,0.38,0.62,Partidos,Real Madrid
Lucas Vázquez,esESP,DF,32-230,18,7,758,8.4,1,3,4,1,0,0,0,0,0.5,0.4,2.4,2.8,17,32,88,0.12,0.36,0.47,0.12,0.47,0.06,0.29,0.35,0.05,0.33,Partidos,Real Madrid
Dani Ceballos,esESP,"CC,DL",27-193,12,1,234,2.6,0,0,0,0,0,0,1,0,0.2,0.2,0.8,0.9,8,17,13,0.00,0.00,0.00,0.00,0.00,0.06,0.30,0.36,0.06,0.36,Partidos,Real Madrid
Éder Militão,brBRA,DF,26-029,1,1,49,0.5,0,0,0,0,0,0,0,0,0.0,0.0,0.0,0.0,1,1,1,0.00,0.00,0.00,0.00,0.00,0.00,0.00,0.00,0.00,0.00,Partidos,Real Madrid
Arda Güler,trTUR,DL,18-356,2,0,24,0.3,0,0,0,0,0,0,0,0,0.0,0.0,0.0,0.0,2,1,4,0.00,0.00,0.00,0.00,0.00,0.00,0.00,0.00,0.00,0.00,Partidos,Real Madrid
Nicolás Paz,arARG,"CC,DL",19-161,4,0,23,0.3,0,0,0,0,0,0,0,0,0.1,0.1,0.0,0.1,3,6,2,0.00,0.00,0.00,0.00,0.00,0.31,0.00,0.31,0.31,0.31,Partidos,Real Madrid
Gonzalo García,esESP,"DL,CC",19-329,2,0,19,0.2,0,0,0,0,0,0,0,0,0.0,0.0,0.0,0.0,1,0,3,0.00,0.00,0.00,0.00,0.00,0.16,0.00,0.16,0.16,0.16,Partidos,Real Madrid
Lucas Cañizares,esESP,PO,21-282,0,0,,,,,,,,,,,,,,,,,,,,,,,,,,,,Partidos,Real Madrid
Álvaro Carrillo,esESP,DF,21-316,0,0,,,,,,,,,,,,,,,,,,,,,,,,,,,,Partidos,Real Madrid
Fran González,esESP,PO,18-237,0,0,,,,,,,,,,,,,,,,,,,,,,,,,,,,Partidos,Real Madrid
Fran González,esESP,DF,25-187,0,0,,,,,,,,,,,,,,,,,,,,,,,,,,,,Partidos,Real Madrid
Mario de Luis,esESP,PO,21-256,0,0,,,,,,,,,,,,,,,,,,,,,,,,,,,,Partidos,Real Madrid
Mario Martín,esESP,CC,19-348,0,0,,,,,,,,,,,,,,,,,,,,,,,,,,,,Partidos,Real Madrid
Álvaro Odriozola,esESP,DF,28-064,0,0,,,,,,,,,,,,,,,,,,,,,,,,,,,,Partidos,Real Madrid
Diego Piñeiro,esESP,PO,20-003,0,0,,,,,,,,,,,,,,,,,,,,,,,,,,,,Partidos,Real Madrid
Edgar Pujol,esESP,DF,19-193,0,0,,,,,,,,,,,,,,,,,,,,,,,,,,,,Partidos,Real Madrid
Jacobo Ramón,esESP,DF,19-041,0,0,,,,,,,,,,,,,,,,,,,,,,,,,,,,Partidos,Real Madrid
Vinicius Tobias,brBRA,DF,19-358,0,0,,,,,,,,,,,,,,,,,,,,,,,,,,,,Partidos,Real Madrid
Theo Zidane,frFRA,CC,21-274,0,0,,,,,,,,,,,,,,,,,,,,,,,,,,,,Partidos,Real Madrid
Total del equipo,,,28.0,24,264,"2,160",24.0,52,40,92,51,1,4,43,2,44.5,41.6,32.8,74.4,625,1268,1261,2.17,1.67,3.83,2.12,3.79,1.85,1.36,3.22,1.73,3.10,,Real Madrid
Total del oponente,,,27.6,24,264,"2,160",24.0,14,10,24,14,0,0,65,0,22.4,22.4,18.8,41.1,376,795,788,0.58,0.42,1.00,0.58,1.00,0.93,0.78,1.71,0.93,1.71,,Real Madrid
David Raum,deGER,DF,25-300,21,21,"1,853",20.6,2,6,8,2,0,0,4,0,0.7,0.7,4.9,5.6,52,88,163,0.10,0.29,0.39,0.10,0.39,0.03,0.24,0.27,0.03,0.27,Partidos,RB Leipzig
Loïs Openda,beBEL,DL,24-000,21,21,"1,691",18.8,15,4,19,13,2,3,4,0,13.8,11.5,3.4,14.9,49,29,141,0.80,0.21,1.01,0.69,0.90,0.74,0.18,0.92,0.61,0.79,Partidos,RB Leipzig
Xavi Simons,nlNED,CC,20-301,20,20,"1,613",17.9,5,7,12,5,0,1,5,0,4.3,3.5,4.3,7.8,91,100,135,0.28,0.39,0.67,0.28,0.67,0.24,0.24,0.48,0.20,0.44,Partidos,RB Leipzig
Janis Blaswich,deGER,PO,32-290,19,19,"1,710",19.0,0,0,0,0,0,0,0,0,0.0,0.0,0.1,0.1,0,3,0,0.00,0.00,0.00,0.00,0.00,0.00,0.00,0.00,0.00,0.00,Partidos,RB Leipzig
Xaver Schlager,atAUT,CC,26-141,19,19,"1,670",18.6,0,2,2,0,0,0,3,0,0.7,0.7,1.7,2.3,44,139,32,0.00,0.11,0.11,0.00,0.11,0.04,0.09,0.12,0.04,0.12,Partidos,RB Leipzig
Mohamed Simakan,frFRA,DF,23-289,20,18,"1,595",17.7,1,1,2,1,0,0,5,0,2.5,2.5,1.2,3.8,19,86,31,0.06,0.06,0.11,0.06,0.11,0.14,0.07,0.21,0.14,0.21,Partidos,RB Leipzig
Benjamin Henrichs,deGER,DF,26-358,20,17,"1,560",17.3,1,3,4,1,0,0,1,0,1.8,1.8,3.1,5.0,34,82,107,0.06,0.17,0.23,0.06,0.23,0.11,0.18,0.29,0.11,0.29,Partidos,RB Leipzig
Lukas Klostermann,deGER,DF,27-258,18,13,"1,231",13.7,1,0,1,1,0,0,3,0,0.7,0.7,0.4,1.1,14,83,8,0.07,0.00,0.07,0.07,0.07,0.05,0.03,0.08,0.05,0.08,Partidos,RB Leipzig
Castello Lukeba,frFRA,DF,21-061,19,13,"1,192",13.2,1,0,1,1,0,0,2,0,0.5,0.5,0.1,0.6,16,63,6,0.08,0.00,0.08,0.08,0.08,0.03,0.01,0.04,0.03,0.04,Partidos,RB Leipzig
Kevin Kampl,siSVN,CC,33-130,18,12,"1,136",12.6,1,0,1,1,0,0,3,0,0.1,0.1,0.9,1.0,22,76,18,0.08,0.00,0.08,0.08,0.08,0.01,0.07,0.08,0.01,0.08,Partidos,RB Leipzig
Yussuf Poulsen,dkDEN,DL,29-246,20,9,938,10.4,3,1,4,3,0,0,0,0,3.7,3.7,0.8,4.5,8,14,64,0.29,0.10,0.38,0.29,0.38,0.36,0.08,0.43,0.36,0.43,Partidos,RB Leipzig
Christoph Baumgartner,atAUT,CC,24-199,19,8,778,8.6,3,1,4,3,0,0,3,0,2.6,2.6,1.1,3.6,20,38,61,0.35,0.12,0.46,0.35,0.46,0.30,0.12,0.42,0.30,0.42,Partidos,RB Leipzig
Benjamin Šeško,siSVN,DL,20-261,18,8,741,8.2,6,0,6,6,0,0,0,0,3.6,3.6,0.4,3.9,11,12,50,0.73,0.00,0.73,0.73,0.73,0.43,0.04,0.48,0.43,0.48,Partidos,RB Leipzig
Amadou Haidara,mlMLI,CC,26-016,10,8,639,7.1,0,0,0,0,0,0,3,0,0.7,0.7,0.8,1.5,2,56,6,0.00,0.00,0.00,0.00,0.00,0.09,0.12,0.21,0.09,0.21,Partidos,RB Leipzig
Dani Olmo,esESP,"CC,DL",25-285,10,7,597,6.6,2,3,5,2,0,0,0,0,0.9,0.9,2.6,3.4,21,25,46,0.30,0.45,0.75,0.30,0.75,0.13,0.39,0.52,0.13,0.52,Partidos,RB Leipzig
Emil Forsberg,seSWE,"CC,DL",32-116,14,5,464,5.2,2,1,3,2,0,1,0,0,1.4,0.6,0.9,1.5,8,22,38,0.39,0.19,0.58,0.39,0.58,0.27,0.17,0.44,0.11,0.28,Partidos,RB Leipzig
Willi Orban,huHUN,DF,31-105,6,5,412,4.6,0,0,0,0,0,0,0,0,0.1,0.1,0.1,0.2,3,29,3,0.00,0.00,0.00,0.00,0.00,0.03,0.01,0.04,0.03,0.04,Partidos,RB Leipzig
Nicolas Seiwald,atAUT,CC,22-288,10,3,315,3.5,0,1,1,0,0,0,1,0,0.0,0.0,0.1,0.1,0,11,2,0.00,0.29,0.29,0.00,0.29,0.00,0.02,0.02,0.00,0.02,Partidos,RB Leipzig
Timo Werner,deGER,"DL,CC",27-347,8,2,207,2.3,2,0,2,1,1,1,0,0,2.4,1.6,0.0,1.6,10,6,32,0.87,0.00,0.87,0.43,0.43,1.02,0.02,1.04,0.68,0.70,Partidos,RB Leipzig
Péter Gulácsi,huHUN,PO,33-286,2,2,180,2.0,0,0,0,0,0,0,0,0,0.0,0.0,0.0,0.0,0,0,0,0.00,0.00,0.00,0.00,0.00,0.00,0.00,0.00,0.00,0.00,Partidos,RB Leipzig
Fabio Carvalho,ptPOR,CC,21-170,9,1,165,1.8,0,0,0,0,0,0,0,0,0.2,0.2,0.2,0.5,8,9,13,0.00,0.00,0.00,0.00,0.00,0.12,0.13,0.25,0.12,0.25,Partidos,RB Leipzig
Elif Elmas,mkMKD,"CC,DF",24-145,5,0,61,0.7,0,0,0,0,0,0,0,0,0.0,0.0,0.0,0.0,4,2,4,0.00,0.00,0.00,0.00,0.00,0.00,0.00,0.00,0.00,0.00,Partidos,RB Leipzig
Christopher Lenz,deGER,"DF,CC",29-147,4,0,36,0.4,0,0,0,0,0,0,0,0,0.0,0.0,0.1,0.1,0,2,5,0.00,0.00,0.00,0.00,0.00,0.00,0.29,0.29,0.00,0.29,Partidos,RB Leipzig
El Chadaille Bitshiabu,frFRA,DF,18-276,1,0,6,0.1,0,0,0,0,0,0,0,0,0.0,0.0,0.0,0.0,1,0,2,0.00,0.00,0.00,0.00,0.00,0.00,0.00,0.00,0.00,0.00,Partidos,RB Leipzig
Yannick Eduardo,,DL,18-024,0,0,,,,,,,,,,,,,,,,,,,,,,,,,,,,Partidos,RB Leipzig
Nuha Jatta,gmGAM,CC,17-338,0,0,,,,,,,,,,,,,,,,,,,,,,,,,,,,Partidos,RB Leipzig
Tim Köhler,deGER,DF,18-290,0,0,,,,,,,,,,,,,,,,,,,,,,,,,,,,Partidos,RB Leipzig
Ilaix Moriba,gnGUI,CC,21-028,0,0,,,,,,,,,,,,,,,,,,,,,,,,,,,,Partidos,RB Leipzig
Hugo Novoa,esESP,DL,21-046,0,0,,,,,,,,,,,,,,,,,,,,,,,,,,,,Partidos,RB Leipzig
Leopold Zingerle,deGER,PO,29-312,0,0,,,,,,,,,,,,,,,,,,,,,,,,,,,,Partidos,RB Leipzig
Total del equipo,,,26.3,21,231,"1,890",21.0,45,30,75,42,3,6,37,0,39.9,35.2,27.0,62.2,437,975,967,2.14,1.43,3.57,2.00,3.43,1.90,1.28,3.18,1.68,2.96,,RB Leipzig
Total del oponente,,,27.3,21,231,"1,890",21.0,28,22,50,25,3,3,54,4,25.0,22.8,18.6,41.4,298,654,651,1.33,1.05,2.38,1.19,2.24,1.19,0.89,2.08,1.09,1.97,,RB Leipzig
Nico Schlotterbeck,deGER,DF,24-077,20,20,"1,751",19.5,1,0,1,1,0,0,0,0,1.3,1.3,0.7,2.1,37,115,7,0.05,0.00,0.05,0.05,0.05,0.07,0.04,0.11,0.07,0.11,Partidos,Dortmund
Gregor Kobel,chSUI,PO,26-072,19,19,"1,645",18.3,0,0,0,0,0,0,1,0,0.0,0.0,0.0,0.0,0,0,0,0.00,0.00,0.00,0.00,0.00,0.00,0.00,0.00,0.00,0.00,Partidos,Dortmund
Niclas Füllkrug,deGER,DL,31-007,19,17,"1,433",15.9,10,7,17,7,3,3,0,0,9.0,6.6,2.8,9.4,10,36,90,0.63,0.44,1.07,0.44,0.88,0.56,0.18,0.74,0.41,0.59,Partidos,Dortmund
Donyell Malen,nlNED,"DL,CC",25-038,20,16,"1,382",15.4,9,0,9,9,0,0,4,0,6.3,6.3,2.4,8.7,60,47,111,0.59,0.00,0.59,0.59,0.59,0.41,0.16,0.57,0.41,0.57,Partidos,Dortmund
Julian Brandt,deGER,"CC,DL",27-290,19,16,"1,357",15.1,6,8,14,6,0,0,1,0,3.8,3.8,6.9,10.6,42,58,108,0.40,0.53,0.93,0.40,0.93,0.25,0.46,0.71,0.25,0.71,Partidos,Dortmund
Marcel Sabitzer,atAUT,CC,29-336,16,15,"1,288",14.3,2,2,4,2,0,0,2,0,1.9,1.9,1.5,3.4,27,75,49,0.14,0.14,0.28,0.14,0.28,0.13,0.11,0.24,0.13,0.24,Partidos,Dortmund
Mats Hummels,deGER,DF,35-062,16,14,"1,003",11.1,2,0,2,2,0,0,4,1,2.5,2.5,0.2,2.8,8,61,0,0.18,0.00,0.18,0.18,0.18,0.23,0.02,0.25,0.23,0.25,Partidos,Dortmund
Emre Can,deGER,CC,30-035,16,13,"1,164",12.9,1,2,3,0,1,1,3,0,0.9,0.1,1.4,1.5,19,66,10,0.08,0.15,0.23,0.00,0.15,0.07,0.11,0.18,0.01,0.12,Partidos,Dortmund
Marco Reus,deGER,"CC,DL",34-261,16,12,"1,039",11.5,4,2,6,4,0,0,1,0,4.3,4.3,2.4,6.7,16,31,48,0.35,0.17,0.52,0.35,0.52,0.37,0.21,0.58,0.37,0.58,Partidos,Dortmund
Ramy Bensebaini,dzALG,DF,28-306,14,11,"1,017",11.3,0,0,0,0,0,0,4,1,1.6,1.6,0.4,2.0,17,74,60,0.00,0.00,0.00,0.00,0.00,0.14,0.03,0.17,0.14,0.17,Partidos,Dortmund
Julian Ryerson,noNOR,DF,26-091,11,11,971,10.8,3,1,4,3,0,0,2,0,1.3,1.3,2.1,3.4,20,33,69,0.28,0.09,0.37,0.28,0.37,0.12,0.19,0.32,0.12,0.32,Partidos,Dortmund
Salih Özcan,trTUR,CC,26-036,13,10,859,9.5,0,0,0,0,0,0,3,0,0.1,0.1,0.8,0.9,12,40,15,0.00,0.00,0.00,0.00,0.00,0.01,0.09,0.10,0.01,0.10,Partidos,Dortmund
Jamie Bynoe-Gittens,engENG,"DL,CC",19-192,13,10,619,6.9,1,3,4,1,0,0,1,0,1.6,1.6,1.9,3.6,30,16,59,0.15,0.44,0.58,0.15,0.58,0.24,0.28,0.52,0.24,0.52,Partidos,Dortmund
Niklas Süle,deGER,DF,28-166,16,8,935,10.4,1,0,1,1,0,0,0,0,0.4,0.4,0.1,0.6,15,60,7,0.10,0.00,0.10,0.10,0.10,0.04,0.01,0.06,0.04,0.06,Partidos,Dortmund
Marius Wolf,deGER,DF,28-265,14,7,674,7.5,0,1,1,0,0,0,2,0,0.2,0.2,1.0,1.2,24,31,53,0.00,0.13,0.13,0.00,0.13,0.03,0.14,0.17,0.03,0.17,Partidos,Dortmund
Thomas Meunier,beBEL,DF,32-157,8,7,586,6.5,0,0,0,0,0,0,0,0,0.5,0.5,0.6,1.2,21,33,25,0.00,0.00,0.00,0.00,0.00,0.08,0.10,0.18,0.08,0.18,Partidos,Dortmund
Felix Nmecha,deGER,CC,23-129,10,6,605,6.7,0,2,2,0,0,0,2,0,1.0,1.0,0.6,1.5,11,29,18,0.00,0.30,0.30,0.00,0.30,0.14,0.09,0.23,0.14,0.23,Partidos,Dortmund
Ian Maatsen,nlNED,DF,21-343,5,5,447,5.0,0,2,2,0,0,0,3,0,0.1,0.1,1.3,1.4,18,28,22,0.00,0.40,0.40,0.00,0.40,0.02,0.27,0.29,0.02,0.29,Partidos,Dortmund
Sébastien Haller,ciCIV,DL,29-239,11,4,361,4.0,0,0,0,0,0,0,2,0,0.9,0.9,0.6,1.5,9,10,30,0.00,0.00,0.00,0.00,0.00,0.23,0.16,0.39,0.23,0.39,Partidos,Dortmund
Karim Adeyemi,deGER,"DL,CC",22-029,11,3,370,4.1,0,1,1,0,0,0,2,0,0.8,0.8,0.9,1.7,19,13,39,0.00,0.24,0.24,0.00,0.24,0.20,0.21,0.40,0.20,0.40,Partidos,Dortmund
Youssoufa Moukoko,deGER,DL,19-088,12,2,316,3.5,3,0,3,3,0,0,0,0,2.2,2.2,0.2,2.3,11,9,16,0.85,0.00,0.85,0.85,0.85,0.61,0.04,0.65,0.61,0.65,Partidos,Dortmund
Alexander Meyer,deGER,PO,32-309,3,2,245,2.7,0,0,0,0,0,0,0,0,0.0,0.0,0.0,0.0,0,1,0,0.00,0.00,0.00,0.00,0.00,0.00,0.00,0.00,0.00,0.00,Partidos,Dortmund
Jadon Sancho,engENG,"DL,CC",23-328,4,2,186,2.1,0,1,1,0,0,0,0,0,0.5,0.5,1.4,1.9,14,8,27,0.00,0.48,0.48,0.00,0.48,0.24,0.68,0.92,0.24,0.92,Partidos,Dortmund
Gio Reyna,usUSA,"CC,DL",21-095,11,1,280,3.1,0,0,0,0,0,0,1,0,0.8,0.8,0.8,1.6,8,20,19,0.00,0.00,0.00,0.00,0.00,0.27,0.25,0.52,0.27,0.52,Partidos,Dortmund
Samuel Bamba,deGER,DL,20-003,2,0,47,0.5,0,0,0,0,0,0,0,0,0.3,0.3,0.1,0.3,5,2,7,0.00,0.00,0.00,0.00,0.00,0.51,0.15,0.67,0.51,0.67,Partidos,Dortmund
Hendry Blank,deGER,DF,19-179,1,0,45,0.5,0,0,0,0,0,0,0,0,0.0,0.0,0.0,0.0,0,1,0,0.00,0.00,0.00,0.00,0.00,0.00,0.00,0.00,0.00,0.00,Partidos,Dortmund
Ole Pohlmann,deGER,CC,22-317,1,0,32,0.4,0,0,0,0,0,0,0,0,0.1,0.1,0.1,0.1,0,0,1,0.00,0.00,0.00,0.00,0.00,0.14,0.17,0.31,0.14,0.31,Partidos,Dortmund
Antonios Papadopoulos,deGER,DF,24-159,1,0,27,0.3,0,0,0,0,0,0,0,0,0.0,0.0,0.0,0.0,0,1,0,0.00,0.00,0.00,0.00,0.00,0.00,0.00,0.00,0.00,0.00,Partidos,Dortmund
Thorgan Hazard,beBEL,DF,30-324,1,0,7,0.1,0,0,0,0,0,0,0,0,0.0,0.0,0.0,0.0,0,2,1,0.00,0.00,0.00,0.00,0.00,0.00,0.00,0.00,0.00,0.00,Partidos,Dortmund
Mateu Morey,esESP,DF,23-351,1,0,3,0.0,0,0,0,0,0,0,0,0,0.0,0.0,0.0,0.0,0,0,1,0.00,0.00,0.00,0.00,0.00,0.00,0.00,0.00,0.00,0.00,Partidos,Dortmund
Paris Brunner,deGER,DL,18-001,0,0,,,,,,,,,,,,,,,,,,,,,,,,,,,,Partidos,Dortmund
Guille Bueno,esESP,DF,21-151,0,0,,,,,,,,,,,,,,,,,,,,,,,,,,,,Partidos,Dortmund
Marcel Lotka,plPOL,PO,22-267,0,0,,,,,,,,,,,,,,,,,,,,,,,,,,,,Partidos,Dortmund
Kjell-Arik Wätjen,deGER,CC,18-000,0,0,,,,,,,,,,,,,,,,,,,,,,,,,,,,Partidos,Dortmund
Total del equipo,,,27.7,21,231,"1,890",21.0,43,32,75,39,4,4,38,2,41.6,38.4,30.8,69.2,453,900,892,2.05,1.52,3.57,1.86,3.38,1.98,1.47,3.45,1.83,3.30,,Dortmund
Total del oponente,,,27.2,21,231,"1,890",21.0,24,16,40,19,5,6,44,1,32.2,28.0,19.6,47.6,380,809,803,1.14,0.76,1.90,0.90,1.67,1.53,0.93,2.47,1.33,2.27,,Dortmund
Walter Benítez,arARG,PO,31-028,21,21,"1,890",21.0,0,0,0,0,0,0,1,0,0.0,0.0,0.0,0.0,0,0,0,0.00,0.00,0.00,0.00,0.00,0.00,0.00,0.00,0.00,0.00,Partidos,PSV Eindhoven
Luuk de Jong,nlNED,DL,33-173,21,21,"1,650",18.3,18,8,26,13,5,6,2,0,15.9,11.0,7.4,18.4,4,37,137,0.98,0.44,1.42,0.71,1.15,0.87,0.40,1.27,0.60,1.00,Partidos,PSV Eindhoven
Olivier Boscagli,frFRA,DF,26-090,20,19,"1,715",19.1,1,1,2,1,0,0,2,0,0.7,0.7,0.9,1.6,26,208,6,0.05,0.05,0.10,0.05,0.10,0.03,0.05,0.08,0.03,0.08,Partidos,PSV Eindhoven
Johan Bakayoko,beBEL,DL,20-302,21,19,"1,597",17.7,4,8,12,4,0,0,1,0,5.5,5.5,5.9,11.4,126,64,307,0.23,0.45,0.68,0.23,0.68,0.31,0.33,0.64,0.31,0.64,Partidos,PSV Eindhoven
André Ramalho,brBRA,DF,32-000,21,18,"1,538",17.1,2,1,3,2,0,0,3,0,1.5,1.5,0.5,2.0,13,131,4,0.12,0.06,0.18,0.12,0.18,0.09,0.03,0.12,0.09,0.12,Partidos,PSV Eindhoven
Joey Veerman,nlNED,CC,25-089,18,18,"1,472",16.4,3,9,12,3,0,0,0,0,2.1,2.1,8.1,10.2,32,197,38,0.18,0.55,0.73,0.18,0.73,0.13,0.49,0.62,0.13,0.62,Partidos,PSV Eindhoven
Jordan Teze,nlNED,DF,24-139,18,17,"1,466",16.3,1,5,6,1,0,0,2,0,0.5,0.5,3.2,3.7,35,157,75,0.06,0.31,0.37,0.06,0.37,0.03,0.20,0.23,0.03,0.23,Partidos,PSV Eindhoven
Jerdy Schouten,nlNED,"CC,DF",27-035,17,16,"1,371",15.2,2,0,2,2,0,0,3,0,1.8,1.8,0.6,2.4,14,89,23,0.13,0.00,0.13,0.13,0.13,0.12,0.04,0.16,0.12,0.16,Partidos,PSV Eindhoven
Sergiño Dest,usUSA,DF,23-105,16,16,"1,339",14.9,1,4,5,1,0,0,1,0,0.9,0.9,2.3,3.2,66,69,79,0.07,0.27,0.34,0.07,0.34,0.06,0.15,0.22,0.06,0.22,Partidos,PSV Eindhoven
Guus Til,nlNED,CC,26-056,19,13,"1,259",14.0,7,3,10,7,0,0,0,0,7.7,7.7,4.0,11.7,33,61,125,0.50,0.21,0.71,0.50,0.71,0.55,0.29,0.83,0.55,0.83,Partidos,PSV Eindhoven
Hirving Lozano,mxMEX,DL,28-201,13,10,890,9.9,5,2,7,5,0,0,1,0,6.6,6.6,2.4,8.9,45,38,141,0.51,0.20,0.71,0.51,0.71,0.66,0.24,0.90,0.66,0.90,Partidos,PSV Eindhoven
Patrick van Aanholt,nlNED,DF,33-171,17,9,977,10.9,0,1,1,0,0,0,0,0,1.6,1.6,2.0,3.6,24,56,72,0.00,0.09,0.09,0.00,0.09,0.15,0.18,0.33,0.15,0.33,Partidos,PSV Eindhoven
Ismael Saibari,maMAR,CC,23-019,16,9,911,10.1,5,4,9,5,0,0,1,0,5.5,5.5,2.4,7.9,44,61,62,0.49,0.40,0.89,0.49,0.89,0.55,0.23,0.78,0.55,0.78,Partidos,PSV Eindhoven
Noa Lang,nlNED,"DL,CC",24-244,11,8,583,6.5,4,1,5,4,0,0,0,0,2.7,2.7,2.9,5.6,42,46,71,0.62,0.15,0.77,0.62,0.77,0.42,0.44,0.86,0.42,0.86,Partidos,PSV Eindhoven
Malik Tillman,usUSA,"CC,DL",21-264,15,7,707,7.9,5,3,8,5,0,0,0,0,3.6,3.6,3.8,7.4,32,43,71,0.64,0.38,1.02,0.64,1.02,0.46,0.48,0.95,0.46,0.95,Partidos,PSV Eindhoven
Yorbe Vertessen,beBEL,DL,23-039,17,3,437,4.9,3,1,4,3,0,0,0,0,2.3,2.3,1.6,3.8,35,13,50,0.62,0.21,0.82,0.62,0.82,0.46,0.32,0.78,0.46,0.78,Partidos,PSV Eindhoven
Ibrahim Sangaré,ciCIV,CC,26-076,2,2,180,2.0,0,1,1,0,0,0,0,0,0.1,0.1,0.5,0.6,4,19,0,0.00,0.50,0.50,0.00,0.50,0.05,0.24,0.30,0.05,0.30,Partidos,PSV Eindhoven
Isaac Babadi,nlNED,CC,18-316,10,2,176,2.0,1,0,1,1,0,0,1,0,0.8,0.8,0.0,0.8,7,14,10,0.51,0.00,0.51,0.51,0.51,0.39,0.00,0.39,0.39,0.39,Partidos,PSV Eindhoven
Armel Bella Kotchap,deGER,DF,22-067,3,2,161,1.8,0,0,0,0,0,0,0,0,0.7,0.7,0.0,0.7,3,13,0,0.00,0.00,0.00,0.00,0.00,0.37,0.00,0.37,0.37,0.37,Partidos,PSV Eindhoven
Mauro Júnior,brBRA,CC,24-286,4,1,116,1.3,0,0,0,0,0,0,0,0,0.1,0.1,0.3,0.4,3,3,6,0.00,0.00,0.00,0.00,0.00,0.10,0.20,0.30,0.10,0.30,Partidos,PSV Eindhoven
Ricardo Pepi,usUSA,"DL,CC",21-038,17,0,246,2.7,5,1,6,4,1,1,2,0,4.3,3.6,0.5,4.1,2,5,31,1.83,0.37,2.20,1.46,1.83,1.57,0.20,1.77,1.31,1.51,Partidos,PSV Eindhoven
Shurandy Sambo,nlNED,DF,22-181,8,0,97,1.1,0,0,0,0,0,0,0,0,0.0,0.0,0.1,0.1,0,3,6,0.00,0.00,0.00,0.00,0.00,0.00,0.05,0.05,0.00,0.05,Partidos,PSV Eindhoven
Armando Obispo,nlNED,DF,24-348,2,0,7,0.1,0,0,0,0,0,0,0,0,0.0,0.0,0.0,0.0,0,1,0,0.00,0.00,0.00,0.00,0.00,0.58,0.00,0.58,0.58,0.58,Partidos,PSV Eindhoven
Anwar El Ghazi,nlNED,DL,28-289,1,0,4,0.0,0,0,0,0,0,0,0,0,0.1,0.1,0.0,0.1,1,1,2,0.00,0.00,0.00,0.00,0.00,2.95,0.00,2.95,2.95,2.95,Partidos,PSV Eindhoven
Tygo Land,nlNED,CC,18-036,1,0,1,0.0,0,0,0,0,0,0,0,0,0.0,0.0,0.0,0.0,0,0,0,0.00,0.00,0.00,0.00,0.00,0.00,0.00,0.00,0.00,0.00,Partidos,PSV Eindhoven
Joel Drommel,nlNED,PO,27-092,0,0,,,,,,,,,,,,,,,,,,,,,,,,,,,,Partidos,PSV Eindhoven
Phillipp Mwene,atAUT,"DF,CC",30-018,0,0,,,,,,,,,,,,,,,,,,,,,,,,,,,,Partidos,PSV Eindhoven
Jesper Uneken,nlNED,DL,19-191,0,0,,,,,,,,,,,,,,,,,,,,,,,,,,,,Partidos,PSV Eindhoven
Jason Van Duiven,nlNED,DL,18-357,0,0,,,,,,,,,,,,,,,,,,,,,,,,,,,,Partidos,PSV Eindhoven
Boy Waterman,nlNED,PO,40-023,0,0,,,,,,,,,,,,,,,,,,,,,,,,,,,,Partidos,PSV Eindhoven
Total del equipo,,,26.8,21,231,"1,890",21.0,67,53,120,61,6,7,20,0,63.5,57.9,48.7,106.7,591,1329,1316,3.19,2.52,5.71,2.90,5.43,3.03,2.32,5.35,2.76,5.08,,PSV Eindhoven
Total del oponente,,,25.6,21,231,"1,890",21.0,9,6,15,7,2,2,30,3,17.6,16.0,11.4,27.4,255,506,500,0.43,0.29,0.71,0.33,0.62,0.84,0.54,1.38,0.76,1.31,,PSV Eindhoven
Yann Sommer,chSUI,PO,35-061,23,23,"2,070",23.0,0,0,0,0,0,0,1,0,0.0,0.0,0.0,0.0,0,0,0,0.00,0.00,0.00,0.00,0.00,0.00,0.00,0.00,0.00,0.00,Partidos,Internazionale
Marcus Thuram,frFRA,DL,26-194,23,23,"1,765",19.6,9,7,16,9,0,0,3,0,10.5,10.5,1.8,12.4,48,33,131,0.46,0.36,0.82,0.46,0.82,0.54,0.09,0.63,0.54,0.63,Partidos,Internazionale
Henrikh Mkhitaryan,amARM,CC,35-026,23,22,"1,875",20.8,2,6,8,2,0,0,3,0,2.6,2.6,3.7,6.3,66,124,75,0.10,0.29,0.38,0.10,0.38,0.12,0.18,0.30,0.12,0.30,Partidos,Internazionale
Hakan Çalhanoğlu,trTUR,CC,30-008,22,22,"1,799",20.0,9,3,12,2,7,7,5,0,7.3,1.7,3.3,5.1,36,134,24,0.45,0.15,0.60,0.10,0.25,0.36,0.17,0.53,0.09,0.25,Partidos,Internazionale
Nicolò Barella,itITA,CC,27-009,22,21,"1,721",19.1,2,3,5,2,0,0,4,0,2.8,2.8,2.2,5.0,42,183,91,0.10,0.16,0.26,0.10,0.26,0.15,0.12,0.26,0.15,0.26,Partidos,Internazionale
Lautaro Martínez,arARG,DL,26-178,21,20,"1,760",19.6,19,2,21,17,2,2,2,0,12.0,10.5,1.7,12.2,36,58,110,0.97,0.10,1.07,0.87,0.97,0.62,0.09,0.70,0.53,0.62,Partidos,Internazionale
Matteo Darmian,itITA,DF,34-076,22,18,"1,673",18.6,0,1,1,0,0,0,1,0,0.3,0.3,1.2,1.5,10,45,50,0.00,0.05,0.05,0.00,0.05,0.02,0.06,0.08,0.02,0.08,Partidos,Internazionale
Francesco Acerbi,itITA,DF,36-006,20,18,"1,642",18.2,2,1,3,2,0,0,1,0,1.0,1.0,1.7,2.7,13,54,17,0.11,0.05,0.16,0.11,0.16,0.06,0.09,0.15,0.06,0.15,Partidos,Internazionale
Alessandro Bastoni,itITA,DF,24-309,18,18,"1,473",16.4,1,0,1,1,0,0,4,0,0.8,0.8,1.8,2.7,36,83,53,0.06,0.00,0.06,0.06,0.06,0.05,0.11,0.16,0.05,0.16,Partidos,Internazionale
Federico Dimarco,itITA,DF,26-098,19,18,"1,290",14.3,3,5,8,3,0,0,0,0,1.9,1.9,6.1,8.0,34,68,126,0.21,0.35,0.56,0.21,0.56,0.13,0.43,0.56,0.13,0.56,Partidos,Internazionale
Denzel Dumfries,nlNED,DF,27-304,18,13,"1,068",11.9,2,3,5,2,0,0,1,0,1.1,1.1,3.3,4.5,33,36,91,0.17,0.25,0.42,0.17,0.42,0.10,0.28,0.38,0.10,0.38,Partidos,Internazionale
Benjamin Pavard,frFRA,DF,27-325,13,11,835,9.3,0,0,0,0,0,0,3,0,0.3,0.3,0.5,0.9,10,32,23,0.00,0.00,0.00,0.00,0.00,0.04,0.06,0.10,0.04,0.10,Partidos,Internazionale
Stefan de Vrij,nlNED,DF,32-011,17,10,953,10.6,0,0,0,0,0,0,0,0,0.2,0.2,0.2,0.4,1,16,0,0.00,0.00,0.00,0.00,0.00,0.02,0.02,0.04,0.02,0.04,Partidos,Internazionale
Carlos,brBRA,DF,25-040,23,5,861,9.6,0,1,1,0,0,0,1,0,0.7,0.7,1.6,2.4,28,27,60,0.00,0.10,0.10,0.00,0.10,0.08,0.17,0.25,0.08,0.25,Partidos,Internazionale
Yann Aurel Bisseck,deGER,DF,23-079,9,4,391,4.3,1,0,1,1,0,0,0,0,0.4,0.4,0.5,0.9,11,23,10,0.23,0.00,0.23,0.23,0.23,0.10,0.12,0.21,0.10,0.21,Partidos,Internazionale
Davide Frattesi,itITA,CC,24-117,19,2,472,5.2,2,0,2,2,0,0,1,0,2.3,2.3,0.2,2.5,18,19,21,0.38,0.00,0.38,0.38,0.38,0.44,0.04,0.48,0.44,0.48,Partidos,Internazionale
Marko Arnautović,atAUT,DL,34-303,16,2,421,4.7,1,3,4,1,0,0,0,0,2.5,2.5,2.5,5.0,5,11,39,0.21,0.64,0.86,0.21,0.86,0.54,0.53,1.07,0.54,1.07,Partidos,Internazionale
Kristjan Asllani,alALB,CC,21-344,12,1,255,2.8,0,1,1,0,0,0,0,0,0.3,0.2,0.2,0.4,0,9,3,0.00,0.35,0.35,0.00,0.35,0.10,0.07,0.17,0.08,0.16,Partidos,Internazionale
Alexis Sánchez,clCHI,DL,35-059,10,1,180,2.0,0,0,0,0,0,0,0,0,0.5,0.5,0.4,0.8,4,11,17,0.00,0.00,0.00,0.00,0.00,0.23,0.18,0.41,0.23,0.41,Partidos,Internazionale
Davy Klaassen,nlNED,"CC,DL",30-360,7,1,75,0.8,0,0,0,0,0,0,0,0,0.1,0.1,0.1,0.2,0,2,3,0.00,0.00,0.00,0.00,0.00,0.11,0.17,0.29,0.11,0.29,Partidos,Internazionale
Juan Cuadrado,coCOL,DF,35-266,7,0,156,1.7,0,2,2,0,0,0,1,0,0.1,0.1,1.3,1.4,13,6,17,0.00,1.15,1.15,0.00,1.15,0.08,0.73,0.81,0.08,0.81,Partidos,Internazionale
Stefano Sensi,itITA,CC,28-195,3,0,30,0.3,0,0,0,0,0,0,0,0,0.1,0.1,0.1,0.2,3,3,4,0.00,0.00,0.00,0.00,0.00,0.25,0.29,0.54,0.25,0.54,Partidos,Internazionale
Lucien Agoume,frFRA,CC,22-007,1,0,5,0.1,0,0,0,0,0,0,0,0,0.0,0.0,0.0,0.0,0,0,0,0.00,0.00,0.00,0.00,0.00,0.00,0.00,0.00,0.00,0.00,Partidos,Internazionale
Ebenezer Akinsanmiro,ngNGA,CC,19-083,0,0,,,,,,,,,,,,,,,,,,,,,,,,,,,,Partidos,Internazionale
Emil Audero,itITA,PO,27-029,0,0,,,,,,,,,,,,,,,,,,,,,,,,,,,,Partidos,Internazionale
Tajon Buchanan,caCAN,"DF,DL",25-008,0,0,,,,,,,,,,,,,,,,,,,,,,,,,,,,Partidos,Internazionale
Alessandro Calligaris,itITA,PO,18-346,0,0,,,,,,,,,,,,,,,,,,,,,,,,,,,,Partidos,Internazionale
Joaquín Correa,arARG,"DL,CC",29-187,0,0,,,,,,,,,,,,,,,,,,,,,,,,,,,,Partidos,Internazionale
Raffaele Di Gennaro,itITA,PO,30-136,0,0,,,,,,,,,,,,,,,,,,,,,,,,,,,,Partidos,Internazionale
Tomasso Guercio,plPOL,DF,18-260,0,0,,,,,,,,,,,,,,,,,,,,,,,,,,,,Partidos,Internazionale
Issiaka Kamate,frFRA,CC,19-198,0,0,,,,,,,,,,,,,,,,,,,,,,,,,,,,Partidos,Internazionale
Matteo Motta,itITA,DF,19-006,0,0,,,,,,,,,,,,,,,,,,,,,,,,,,,,Partidos,Internazionale
Amadou Sarr,snSEN,DL,19-233,0,0,,,,,,,,,,,,,,,,,,,,,,,,,,,,Partidos,Internazionale
Giacomo Stabile,itITA,DF,18-310,0,0,,,,,,,,,,,,,,,,,,,,,,,,,,,,Partidos,Internazionale
Aleksandar Stanković,rsSRB,DL,18-197,0,0,,,,,,,,,,,,,,,,,,,,,,,,,,,,Partidos,Internazionale
Total del equipo,,,29.9,23,253,"2,070",23.0,53,38,91,44,9,9,31,0,47.4,40.4,34.3,74.7,447,977,965,2.30,1.65,3.96,1.91,3.57,2.06,1.49,3.55,1.75,3.25,,Internazionale
Total del oponente,,,26.9,23,253,"2,070",23.0,12,10,22,10,2,4,45,4,18.9,15.7,12.9,28.7,425,764,753,0.52,0.43,0.96,0.43,0.87,0.82,0.56,1.38,0.68,1.25,,Internazionale
Kylian Mbappé,frFRA,DL,25-058,19,18,"1,600",17.8,20,4,24,15,5,7,3,0,17.4,11.7,3.7,15.4,85,88,205,1.13,0.23,1.35,0.84,1.07,0.98,0.21,1.18,0.66,0.86,Partidos,Paris Saint Germain
Gianluigi Donnarumma,itITA,PO,24-356,18,18,"1,539",17.1,0,0,0,0,0,0,1,1,0.0,0.0,0.0,0.0,0,0,0,0.00,0.00,0.00,0.00,0.00,0.00,0.00,0.00,0.00,0.00,Partidos,Paris Saint Germain
Lucas Hernández,frFRA,DF,28-002,20,16,"1,403",15.6,0,1,1,0,0,0,4,0,0.4,0.4,1.6,2.0,24,103,14,0.00,0.06,0.06,0.00,0.06,0.03,0.10,0.13,0.03,0.13,Partidos,Paris Saint Germain
Vitinha,ptPOR,CC,24-003,20,15,"1,406",15.6,5,2,7,5,0,0,0,0,2.1,2.1,2.3,4.4,28,123,93,0.32,0.13,0.45,0.32,0.45,0.13,0.15,0.28,0.13,0.28,Partidos,Paris Saint Germain
Warren Zaire-Emery,frFRA,"CC,DF",17-345,18,15,"1,401",15.6,2,2,4,2,0,0,3,0,1.0,1.0,1.5,2.5,35,85,62,0.13,0.13,0.26,0.13,0.26,0.07,0.10,0.16,0.07,0.16,Partidos,Paris Saint Germain
Manuel Ugarte Ribeiro,uyURU,CC,22-311,16,14,"1,246",13.8,0,2,2,0,0,0,3,0,0.4,0.4,0.7,1.1,10,50,15,0.00,0.14,0.14,0.00,0.14,0.03,0.05,0.08,0.03,0.08,Partidos,Paris Saint Germain
Marquinhos,brBRA,DF,29-278,16,14,"1,226",13.6,0,0,0,0,0,0,0,0,0.2,0.2,0.3,0.5,12,89,3,0.00,0.00,0.00,0.00,0.00,0.02,0.02,0.04,0.02,0.04,Partidos,Paris Saint Germain
Milan Škriniar,skSVK,DF,29-005,16,13,"1,207",13.4,0,0,0,0,0,0,1,0,0.2,0.2,0.1,0.2,3,43,1,0.00,0.00,0.00,0.00,0.00,0.01,0.00,0.02,0.01,0.02,Partidos,Paris Saint Germain
Achraf Hakimi,maMAR,DF,25-104,15,13,"1,195",13.3,3,4,7,3,0,0,1,0,2.6,2.6,4.0,6.6,49,134,115,0.23,0.30,0.53,0.23,0.53,0.19,0.30,0.50,0.19,0.50,Partidos,Paris Saint Germain
Ousmane Dembélé,frFRA,"CC,DL",26-277,18,13,"1,128",12.5,1,7,8,1,0,0,0,0,3.1,3.1,4.8,7.9,122,91,189,0.08,0.56,0.64,0.08,0.64,0.24,0.38,0.63,0.24,0.63,Partidos,Paris Saint Germain
Danilo Pereira,ptPOR,DF,32-160,16,12,"1,116",12.4,0,0,0,0,0,0,1,0,0.6,0.6,0.0,0.6,14,65,1,0.00,0.00,0.00,0.00,0.00,0.05,0.00,0.05,0.05,0.05,Partidos,Paris Saint Germain
Fabián Ruiz Peña,esESP,CC,27-319,17,10,870,9.7,1,2,3,1,0,0,2,0,1.7,1.7,0.7,2.3,12,58,27,0.10,0.21,0.31,0.10,0.31,0.17,0.07,0.24,0.17,0.24,Partidos,Paris Saint Germain
Bradley Barcola,frFRA,"CC,DL",21-167,16,10,816,9.1,2,4,6,2,0,0,3,1,2.4,2.4,3.8,6.2,64,42,144,0.22,0.44,0.66,0.22,0.66,0.27,0.41,0.68,0.27,0.68,Partidos,Paris Saint Germain
Lee Kang-in,krKOR,"CC,DL",22-362,10,10,790,8.8,1,2,3,1,0,0,2,0,0.7,0.7,1.4,2.1,27,65,79,0.11,0.23,0.34,0.11,0.34,0.08,0.16,0.24,0.08,0.24,Partidos,Paris Saint Germain
Gonçalo Ramos,ptPOR,DL,22-241,16,9,758,8.4,4,0,4,4,0,0,0,0,4.7,4.7,1.3,6.0,8,20,56,0.47,0.00,0.47,0.47,0.47,0.56,0.15,0.71,0.56,0.71,Partidos,Paris Saint Germain
Randal Kolo Muani,frFRA,"DL,CC",25-073,15,7,733,8.1,6,2,8,6,0,0,1,0,4.6,4.6,2.5,7.1,28,25,68,0.74,0.25,0.98,0.74,0.98,0.57,0.31,0.88,0.57,0.88,Partidos,Paris Saint Germain
Carlos Soler,esESP,"DF,CC",27-045,16,7,612,6.8,1,2,3,1,0,0,1,0,0.8,0.8,1.8,2.6,5,24,31,0.15,0.29,0.44,0.15,0.44,0.11,0.26,0.38,0.11,0.38,Partidos,Paris Saint Germain
Marco Asensio,esESP,"DL,CC",28-026,9,6,531,5.9,4,2,6,4,0,0,0,0,2.4,2.4,2.0,4.4,20,35,45,0.68,0.34,1.02,0.68,1.02,0.41,0.34,0.75,0.41,0.75,Partidos,Paris Saint Germain
Nordi Mukiele,frFRA,DF,26-107,9,5,465,5.2,0,0,0,0,0,0,2,0,0.2,0.2,0.0,0.3,8,19,10,0.00,0.00,0.00,0.00,0.00,0.05,0.00,0.05,0.05,0.05,Partidos,Paris Saint Germain
Lucas Beraldo,brBRA,DF,20-084,3,3,270,3.0,0,0,0,0,0,0,0,0,0.0,0.0,0.0,0.0,0,8,0,0.00,0.00,0.00,0.00,0.00,0.00,0.00,0.00,0.00,0.00,Partidos,Paris Saint Germain
Arnau Tenas,esESP,PO,22-262,3,2,259,2.9,0,0,0,0,0,0,0,0,0.0,0.0,0.0,0.0,0,0,0,0.00,0.00,0.00,0.00,0.00,0.00,0.00,0.00,0.00,0.00,Partidos,Paris Saint Germain
Keylor Navas,crCRC,PO,37-063,1,1,90,1.0,0,0,0,0,0,0,0,0,0.0,0.0,0.0,0.0,0,0,0,0.00,0.00,0.00,0.00,0.00,0.00,0.00,0.00,0.00,0.00,Partidos,Paris Saint Germain
Cher Ndour,itITA,CC,19-204,3,0,28,0.3,0,0,0,0,0,0,1,0,0.0,0.0,0.0,0.0,0,2,1,0.00,0.00,0.00,0.00,0.00,0.00,0.00,0.00,0.00,0.00,Partidos,Paris Saint Germain
Hugo Ekitike,frFRA,DL,21-241,1,0,9,0.1,0,0,0,0,0,0,0,0,0.0,0.0,0.0,0.0,0,1,3,0.00,0.00,0.00,0.00,0.00,0.00,0.30,0.30,0.00,0.30,Partidos,Paris Saint Germain
Layvin Kurzawa,frFRA,DF,31-165,1,0,9,0.1,0,0,0,0,0,0,0,0,0.0,0.0,0.0,0.0,0,0,1,0.00,0.00,0.00,0.00,0.00,0.00,0.00,0.00,0.00,0.00,Partidos,Paris Saint Germain
Ethan Mbappé,frFRA,CC,17-049,1,0,1,0.0,0,0,0,0,0,0,0,0,0.0,0.0,0.0,0.0,0,0,0,0.00,0.00,0.00,0.00,0.00,0.00,0.00,0.00,0.00,0.00,Partidos,Paris Saint Germain
Ismaël Gharbi,esESP,CC,19-312,0,0,,,,,,,,,,,,,,,,,,,,,,,,,,,,Partidos,Paris Saint Germain
Alexandre Letellier,frFRA,PO,33-067,0,0,,,,,,,,,,,,,,,,,,,,,,,,,,,,Partidos,Paris Saint Germain
Senny Mayulu,frFRA,CC,17-275,0,0,,,,,,,,,,,,,,,,,,,,,,,,,,,,Partidos,Paris Saint Germain
Louis Mouquet,ptPOR,PO,19-210,0,0,,,,,,,,,,,,,,,,,,,,,,,,,,,,Partidos,Paris Saint Germain
Yoram Zague,frFRA,DF,17-277,0,0,,,,,,,,,,,,,,,,,,,,,,,,,,,,Partidos,Paris Saint Germain
Total del equipo,,,25.5,21,231,"1,890",21.0,50,36,86,45,5,7,29,2,44.7,39.0,32.3,71.3,554,1170,1163,2.38,1.71,4.10,2.14,3.86,2.13,1.54,3.67,1.86,3.40,,Paris Saint Germain
Total del oponente,,,26.5,21,231,"1,890",21.0,18,11,29,16,2,3,39,1,24.3,22.1,17.9,40.0,297,635,627,0.86,0.52,1.38,0.76,1.29,1.16,0.85,2.01,1.05,1.90,,Paris Saint Germain
Jugador,País,Posc,Edad,PJ,Titular,Mín,90 s,Gls.,Ass,G+A,G-TP,TP,TPint,TA,TR,xG,npxG,xAG,npxG+xAG,PrgC,PrgP,PrgR,Gls.,Ast,G+A,G-TP,G+A-TP,xG,xAG,xG+xAG,npxG,npxG+xAG,Partidos,Paris Saint Germain
Gianluigi Donnarumma,itITA,PO,24-359,19,19,"1,629",18.1,0,0,0,0,0,0,1,1,0.0,0.0,0.0,0.0,0,0,0,0.00,0.00,0.00,0.00,0.00,0.00,0.00,0.00,0.00,0.00,Partidos,Paris Saint Germain
Kylian Mbappé,frFRA,DL,25-061,20,18,"1,629",18.1,21,4,25,15,6,8,3,0,18.3,11.8,3.7,15.5,88,91,210,1.16,0.22,1.38,0.83,1.05,1.01,0.20,1.21,0.65,0.86,Partidos,Paris Saint Germain
Lucas Hernández,frFRA,DF,28-005,21,17,"1,493",16.6,1,1,2,1,0,0,4,0,0.5,0.5,1.6,2.0,25,124,16,0.06,0.06,0.12,0.06,0.12,0.03,0.09,0.12,0.03,0.12,Partidos,Paris Saint Germain
Vitinha,ptPOR,CC,24-006,21,16,"1,496",16.6,5,2,7,5,0,0,0,0,2.2,2.2,2.3,4.5,29,132,104,0.30,0.12,0.42,0.30,0.42,0.13,0.14,0.27,0.13,0.27,Partidos,Paris Saint Germain
Warren Zaire-Emery,frFRA,"CC,DF",17-348,19,16,"1,491",16.6,2,2,4,2,0,0,3,0,1.0,1.0,1.6,2.6,39,89,67,0.12,0.12,0.24,0.12,0.24,0.06,0.10,0.16,0.06,0.16,Partidos,Paris Saint Germain
Manuel Ugarte Ribeiro,uyURU,CC,22-314,17,15,"1,336",14.8,0,2,2,0,0,0,3,0,0.4,0.4,0.7,1.1,10,57,16,0.00,0.13,0.13,0.00,0.13,0.03,0.05,0.08,0.03,0.08,Partidos,Paris Saint Germain
Marquinhos,brBRA,DF,29-281,17,15,"1,295",14.4,0,1,1,0,0,0,0,0,0.4,0.4,0.3,0.7,12,95,3,0.00,0.07,0.07,0.00,0.07,0.03,0.02,0.05,0.03,0.05,Partidos,Paris Saint Germain
Achraf Hakimi,maMAR,DF,25-107,16,13,"1,224",13.6,3,4,7,3,0,0,1,0,2.6,2.6,4.1,6.7,50,141,119,0.22,0.29,0.51,0.22,0.51,0.19,0.30,0.49,0.19,0.49,Partidos,Paris Saint Germain
Milan Škriniar,skSVK,DF,29-008,16,13,"1,207",13.4,0,0,0,0,0,0,1,0,0.2,0.2,0.1,0.2,3,43,1,0.00,0.00,0.00,0.00,0.00,0.01,0.00,0.02,0.01,0.02,Partidos,Paris Saint Germain
Danilo Pereira,ptPOR,DF,32-163,17,13,"1,206",13.4,0,0,0,0,0,0,1,0,0.6,0.6,0.0,0.6,15,71,1,0.00,0.00,0.00,0.00,0.00,0.04,0.00,0.04,0.04,0.04,Partidos,Paris Saint Germain
Ousmane Dembélé,frFRA,"CC,DL",26-280,19,13,"1,158",12.9,1,7,8,1,0,0,0,0,3.1,3.1,4.8,7.9,125,95,197,0.08,0.54,0.62,0.08,0.62,0.24,0.37,0.61,0.24,0.61,Partidos,Paris Saint Germain
Bradley Barcola,frFRA,"DL,CC",21-170,17,11,861,9.6,2,4,6,2,0,0,3,1,2.6,2.6,3.8,6.3,65,44,155,0.21,0.42,0.63,0.21,0.63,0.27,0.39,0.66,0.27,0.66,Partidos,Paris Saint Germain
Lee Kang-in,krKOR,"DL,CC",23-000,11,11,850,9.4,1,2,3,1,0,0,2,0,0.7,0.7,1.6,2.3,32,68,93,0.11,0.21,0.32,0.11,0.32,0.07,0.17,0.25,0.07,0.25,Partidos,Paris Saint Germain
Fabián Ruiz Peña,esESP,CC,27-322,17,10,870,9.7,1,2,3,1,0,0,2,0,1.7,1.7,0.7,2.3,12,58,27,0.10,0.21,0.31,0.10,0.31,0.17,0.07,0.24,0.17,0.24,Partidos,Paris Saint Germain
Gonçalo Ramos,ptPOR,DL,22-244,17,9,803,8.9,4,0,4,4,0,0,0,0,4.7,4.7,1.4,6.1,9,20,58,0.45,0.00,0.45,0.45,0.45,0.53,0.16,0.69,0.53,0.69,Partidos,Paris Saint Germain
Randal Kolo Muani,frFRA,"DL,CC",25-076,16,8,794,8.8,6,2,8,6,0,0,1,0,4.6,4.6,2.8,7.4,30,25,76,0.68,0.23,0.91,0.68,0.91,0.52,0.31,0.83,0.52,0.83,Partidos,Paris Saint Germain
Carlos Soler,esESP,"DF,CC",27-048,16,7,612,6.8,1,2,3,1,0,0,1,0,0.8,0.8,1.8,2.6,5,24,31,0.15,0.29,0.44,0.15,0.44,0.11,0.26,0.38,0.11,0.38,Partidos,Paris Saint Germain
Marco Asensio,esESP,"DL,CC",28-029,10,7,592,6.6,4,2,6,4,0,0,0,0,2.4,2.4,2.0,4.4,21,38,49,0.61,0.30,0.91,0.61,0.91,0.37,0.30,0.67,0.37,0.67,Partidos,Paris Saint Germain
Nordi Mukiele,frFRA,DF,26-110,9,5,465,5.2,0,0,0,0,0,0,2,0,0.2,0.2,0.0,0.3,8,19,10,0.00,0.00,0.00,0.00,0.00,0.05,0.00,0.05,0.05,0.05,Partidos,Paris Saint Germain
Lucas Beraldo,brBRA,DF,20-087,4,3,291,3.2,0,0,0,0,0,0,0,0,0.0,0.0,0.0,0.0,0,8,0,0.00,0.00,0.00,0.00,0.00,0.01,0.00,0.01,0.01,0.01,Partidos,Paris Saint Germain
Arnau Tenas,esESP,PO,22-265,3,2,259,2.9,0,0,0,0,0,0,0,0,0.0,0.0,0.0,0.0,0,0,0,0.00,0.00,0.00,0.00,0.00,0.00,0.00,0.00,0.00,0.00,Partidos,Paris Saint Germain
Keylor Navas,crCRC,PO,37-066,1,1,90,1.0,0,0,0,0,0,0,0,0,0.0,0.0,0.0,0.0,0,0,0,0.00,0.00,0.00,0.00,0.00,0.00,0.00,0.00,0.00,0.00,Partidos,Paris Saint Germain
Cher Ndour,itITA,CC,19-207,3,0,28,0.3,0,0,0,0,0,0,1,0,0.0,0.0,0.0,0.0,0,2,1,0.00,0.00,0.00,0.00,0.00,0.00,0.00,0.00,0.00,0.00,Partidos,Paris Saint Germain
Hugo Ekitike,frFRA,DL,21-244,1,0,9,0.1,0,0,0,0,0,0,0,0,0.0,0.0,0.0,0.0,0,1,3,0.00,0.00,0.00,0.00,0.00,0.00,0.30,0.30,0.00,0.30,Partidos,Paris Saint Germain
Layvin Kurzawa,frFRA,DF,31-168,1,0,9,0.1,0,0,0,0,0,0,0,0,0.0,0.0,0.0,0.0,0,0,1,0.00,0.00,0.00,0.00,0.00,0.00,0.00,0.00,0.00,0.00,Partidos,Paris Saint Germain
Ethan Mbappé,frFRA,CC,17-052,1,0,1,0.0,0,0,0,0,0,0,0,0,0.0,0.0,0.0,0.0,0,0,0,0.00,0.00,0.00,0.00,0.00,0.00,0.00,0.00,0.00,0.00,Partidos,Paris Saint Germain
Ismaël Gharbi,esESP,CC,19-315,0,0,,,,,,,,,,,,,,,,,,,,,,,,,,,,Partidos,Paris Saint Germain
Alexandre Letellier,frFRA,PO,33-070,0,0,,,,,,,,,,,,,,,,,,,,,,,,,,,,Partidos,Paris Saint Germain
Senny Mayulu,frFRA,CC,17-278,0,0,,,,,,,,,,,,,,,,,,,,,,,,,,,,Partidos,Paris Saint Germain
Louis Mouquet,ptPOR,PO,19-213,0,0,,,,,,,,,,,,,,,,,,,,,,,,,,,,Partidos,Paris Saint Germain
Yoram Zague,frFRA,DF,17-280,0,0,,,,,,,,,,,,,,,,,,,,,,,,,,,,Partidos,Paris Saint Germain
Total del equipo,,,25.5,22,242,"1,980",22.0,52,37,89,46,6,8,29,2,46.2,39.8,33.0,72.8,578,1245,1238,2.36,1.68,4.05,2.09,3.77,2.10,1.50,3.60,1.81,3.31,,Paris Saint Germain
Total del oponente,,,26.5,22,242,"1,980",22.0,18,11,29,16,2,3,40,1,25.7,23.4,18.5,41.9,310,658,650,0.82,0.50,1.32,0.73,1.23,1.17,0.84,2.01,1.06,1.91,,Paris Saint Germain
